epoca,lr,perda_treino,perda_classe_treino,perda_sev_treino,perda_val,perda_classe_val,perda_sev_val,acuracia_val,f1_macro_val,recall_val_saudavel,recall_val_ferrugem,recall_val_bicho_mineiro,recall_val_phoma,recall_val_cercosporiose,mae_sev_val,kappa_sev_val,tempo_s,memoria_gpu_gb
1,0.0001,3.01881,1.58672,1.43209,2.91291,1.58682,1.32609,0.357143,0.351435,0.682927,0.0253165,0.103448,0.711538,0.772727,0.583333,0.0,21.2,3.47
2,9.97261e-05,2.73459,1.52735,1.20724,2.6617,1.4941,1.1676,0.579365,0.570644,0.609756,0.582278,0.327586,0.807692,0.636364,0.583333,0.0,20.2,3.47
3,9.89074e-05,2.45359,1.41582,1.03777,2.38757,1.31445,1.07312,0.619048,0.569874,0.756098,0.696203,0.155172,0.942308,0.545455,0.583333,0.0,20.0,3.47
4,9.75528e-05,2.11968,1.17777,0.941916,2.00244,1.05717,0.945274,0.72619,0.678232,0.853659,0.860759,0.310345,0.942308,0.590909,0.507937,0.183993,19.9,3.47
5,9.56773e-05,1.6895,0.919921,0.769578,1.57853,0.753355,0.825174,0.801587,0.773374,0.804878,0.848101,0.655172,0.942308,0.681818,0.440476,0.361655,19.8,3.47
6,9.33013e-05,1.31389,0.678469,0.635419,1.29128,0.534617,0.756662,0.861111,0.838905,0.95122,0.924051,0.637931,0.942308,0.863636,0.392857,0.490466,19.9,3.47
7,9.04508e-05,1.10157,0.494181,0.607387,1.10764,0.423277,0.684361,0.892857,0.873441,0.95122,0.949367,0.741379,0.942308,0.863636,0.345238,0.613676,19.8,3.47
8,8.71572e-05,0.955053,0.402924,0.552129,0.961941,0.323884,0.638057,0.90873,0.888126,0.97561,0.949367,0.810345,0.942308,0.818182,0.337302,0.638511,19.8,3.47
9,8.34565e-05,0.816309,0.325436,0.490873,0.879207,0.282421,0.596786,0.93254,0.914109,0.95122,0.974684,0.896552,0.942308,0.818182,0.309524,0.671447,19.9,3.47
10,7.93893e-05,0.759948,0.281933,0.478015,0.816004,0.247671,0.568333,0.920635,0.898746,0.97561,0.962025,0.862069,0.942308,0.772727,0.297619,0.683578,19.8,3.47
11,7.5e-05,0.656634,0.247247,0.409388,0.780615,0.244307,0.536308,0.928571,0.909499,0.97561,0.949367,0.87931,0.942308,0.863636,0.285714,0.701007,19.8,3.47
12,7.03368e-05,0.602835,0.215421,0.387414,0.734752,0.218338,0.516414,0.93254,0.915146,0.97561,0.974684,0.87931,0.942308,0.818182,0.269841,0.718016,19.9,3.47
13,6.54508e-05,0.582402,0.190852,0.39155,0.742963,0.229616,0.513347,0.924603,0.905551,0.97561,0.987342,0.844828,0.961538,0.727273,0.253968,0.74157,19.8,3.47
14,6.03956e-05,0.535117,0.185115,0.350002,0.705833,0.206762,0.499071,0.948413,0.932032,0.97561,0.974684,0.931034,0.961538,0.818182,0.27381,0.719874,19.9,3.47
15,5.52264e-05,0.485942,0.152887,0.333055,0.702776,0.211314,0.491462,0.940476,0.925989,0.97561,0.936709,0.931034,0.961538,0.863636,0.261905,0.740798,19.9,3.47
16,5e-05,0.487415,0.136041,0.351374,0.667105,0.196145,0.47096,0.948413,0.929331,1.0,0.974684,0.931034,0.961538,0.772727,0.25,0.741956,19.9,3.47
17,4.47736e-05,0.499271,0.14671,0.352561,0.680692,0.215586,0.465106,0.93254,0.914708,0.97561,0.924051,0.931034,0.961538,0.818182,0.22619,0.781042,19.9,3.47
18,3.96044e-05,0.517327,0.16252,0.354807,0.647055,0.194193,0.452863,0.940476,0.922061,0.97561,0.962025,0.931034,0.961538,0.772727,0.246032,0.754607,19.9,3.47
19,3.45492e-05,0.459566,0.137225,0.322341,0.635995,0.190963,0.445032,0.940476,0.922061,0.97561,0.962025,0.931034,0.961538,0.772727,0.222222,0.780578,19.8,3.47
20,2.96632e-05,0.401324,0.109804,0.29152,0.650569,0.206631,0.443938,0.936508,0.921765,0.97561,0.962025,0.87931,0.961538,0.863636,0.222222,0.783768,19.9,3.47
21,2.5e-05,0.397609,0.109423,0.288186,0.622086,0.190671,0.431415,0.940476,0.922061,0.97561,0.962025,0.931034,0.961538,0.772727,0.214286,0.789162,19.9,3.47
22,2.06107e-05,0.376924,0.107661,0.269263,0.6323,0.190981,0.441318,0.944444,0.926961,0.97561,0.974684,0.931034,0.961538,0.772727,0.214286,0.790384,19.9,3.47
