faixa,n,acertos,acuracia,ic95_baixo,ic95_alto,saudavel,ferrugem,bicho_mineiro,phoma,cercosporiose
1-200,31,31,1.000000,0.889745,1.000000,9,13,9,0,0
201-400,31,31,1.000000,0.889745,1.000000,2,0,2,27,0
401-600,30,29,0.966667,0.833296,0.994091,3,2,0,22,3
601-800,23,22,0.956522,0.790088,0.992283,7,6,7,1,2
801-1000,32,29,0.906250,0.757818,0.967598,17,3,10,1,1
1001-1200,28,27,0.964286,0.822878,0.993667,2,4,21,0,1
1201-1400,33,32,0.969697,0.846813,0.994631,1,25,6,0,1
1401-1600,25,22,0.880000,0.700442,0.958332,0,16,3,0,6
1601-1747,19,16,0.842105,0.624345,0.944795,0,10,0,1,8
