id,classe_verdadeira,classe_prevista,acerto,prancha,prob_prevista_run,prob_prevista_fp32,prevista_fp32
578,saudavel,phoma,não,gradcam_erros_1.jpg,0.727621,0.721878,phoma
783,bicho_mineiro,ferrugem,não,gradcam_erros_1.jpg,0.548492,0.548792,ferrugem
811,phoma,bicho_mineiro,não,gradcam_erros_1.jpg,0.770065,0.771952,bicho_mineiro
817,bicho_mineiro,ferrugem,não,gradcam_erros_1.jpg,0.893123,0.892256,ferrugem
922,bicho_mineiro,cercosporiose,não,gradcam_erros_2.jpg,0.739364,0.739033,cercosporiose
1182,bicho_mineiro,cercosporiose,não,gradcam_erros_2.jpg,0.732339,0.736403,cercosporiose
1215,cercosporiose,bicho_mineiro,não,gradcam_erros_2.jpg,0.614323,0.611474,bicho_mineiro
1410,cercosporiose,bicho_mineiro,não,gradcam_erros_2.jpg,0.568748,0.569645,bicho_mineiro
1488,ferrugem,cercosporiose,não,gradcam_erros_3.jpg,0.927301,0.926424,cercosporiose
1583,ferrugem,cercosporiose,não,gradcam_erros_3.jpg,0.629057,0.628630,cercosporiose
1642,cercosporiose,ferrugem,não,gradcam_erros_3.jpg,0.712926,0.714146,ferrugem
1658,cercosporiose,ferrugem,não,gradcam_erros_3.jpg,0.602363,0.606478,ferrugem
1736,phoma,cercosporiose,não,gradcam_erros_4.jpg,0.870069,0.868043,cercosporiose
674,saudavel,saudavel,sim,gradcam_acertos_1.jpg,0.872524,0.870379,saudavel
694,saudavel,saudavel,sim,gradcam_acertos_1.jpg,0.981338,0.980837,saudavel
793,saudavel,saudavel,sim,gradcam_acertos_1.jpg,0.934058,0.933145,saudavel
946,saudavel,saudavel,sim,gradcam_acertos_1.jpg,0.994330,0.994333,saudavel
93,ferrugem,ferrugem,sim,gradcam_acertos_2.jpg,0.990374,0.990435,ferrugem
107,ferrugem,ferrugem,sim,gradcam_acertos_2.jpg,0.991405,0.991394,ferrugem
145,ferrugem,ferrugem,sim,gradcam_acertos_2.jpg,0.991567,0.991531,ferrugem
1277,ferrugem,ferrugem,sim,gradcam_acertos_2.jpg,0.932381,0.932394,ferrugem
718,bicho_mineiro,bicho_mineiro,sim,gradcam_acertos_3.jpg,0.741993,0.742169,bicho_mineiro
844,bicho_mineiro,bicho_mineiro,sim,gradcam_acertos_3.jpg,0.952129,0.951069,bicho_mineiro
1213,bicho_mineiro,bicho_mineiro,sim,gradcam_acertos_3.jpg,0.928769,0.929109,bicho_mineiro
1322,bicho_mineiro,bicho_mineiro,sim,gradcam_acertos_3.jpg,0.416027,0.416238,bicho_mineiro
326,phoma,phoma,sim,gradcam_acertos_4.jpg,0.983981,0.983796,phoma
434,phoma,phoma,sim,gradcam_acertos_4.jpg,0.992083,0.991991,phoma
516,phoma,phoma,sim,gradcam_acertos_4.jpg,0.994625,0.994558,phoma
547,phoma,phoma,sim,gradcam_acertos_4.jpg,0.842831,0.842421,phoma
525,cercosporiose,cercosporiose,sim,gradcam_acertos_5.jpg,0.888082,0.886779,cercosporiose
535,cercosporiose,cercosporiose,sim,gradcam_acertos_5.jpg,0.825382,0.830116,cercosporiose
917,cercosporiose,cercosporiose,sim,gradcam_acertos_5.jpg,0.848257,0.848056,cercosporiose
1438,cercosporiose,cercosporiose,sim,gradcam_acertos_5.jpg,0.426843,0.427460,cercosporiose
