id,classe_verdadeira,classe_prevista,acerto,mapa,classe_do_mapa,fracao_borda
578,saudavel,phoma,não,prevista,phoma,0.160944
578,saudavel,phoma,não,verdadeira,saudavel,0.035008
783,bicho_mineiro,ferrugem,não,prevista,ferrugem,0.048029
783,bicho_mineiro,ferrugem,não,verdadeira,bicho_mineiro,0.018266
811,phoma,bicho_mineiro,não,prevista,bicho_mineiro,0.013850
811,phoma,bicho_mineiro,não,verdadeira,phoma,0.026959
817,bicho_mineiro,ferrugem,não,prevista,ferrugem,0.026998
817,bicho_mineiro,ferrugem,não,verdadeira,bicho_mineiro,0.186307
922,bicho_mineiro,cercosporiose,não,prevista,cercosporiose,0.093364
922,bicho_mineiro,cercosporiose,não,verdadeira,bicho_mineiro,0.263211
1182,bicho_mineiro,cercosporiose,não,prevista,cercosporiose,0.033799
1182,bicho_mineiro,cercosporiose,não,verdadeira,bicho_mineiro,0.067378
1215,cercosporiose,bicho_mineiro,não,prevista,bicho_mineiro,0.133137
1215,cercosporiose,bicho_mineiro,não,verdadeira,cercosporiose,0.673691
1410,cercosporiose,bicho_mineiro,não,prevista,bicho_mineiro,0.012512
1410,cercosporiose,bicho_mineiro,não,verdadeira,cercosporiose,0.010072
1488,ferrugem,cercosporiose,não,prevista,cercosporiose,0.041929
1488,ferrugem,cercosporiose,não,verdadeira,ferrugem,0.218891
1583,ferrugem,cercosporiose,não,prevista,cercosporiose,0.035024
1583,ferrugem,cercosporiose,não,verdadeira,ferrugem,0.123294
1642,cercosporiose,ferrugem,não,prevista,ferrugem,0.060146
1642,cercosporiose,ferrugem,não,verdadeira,cercosporiose,0.035360
1658,cercosporiose,ferrugem,não,prevista,ferrugem,0.031504
1658,cercosporiose,ferrugem,não,verdadeira,cercosporiose,0.009051
1736,phoma,cercosporiose,não,prevista,cercosporiose,0.006247
1736,phoma,cercosporiose,não,verdadeira,phoma,0.490878
674,saudavel,saudavel,sim,prevista,saudavel,0.020651
694,saudavel,saudavel,sim,prevista,saudavel,0.040569
793,saudavel,saudavel,sim,prevista,saudavel,0.037155
946,saudavel,saudavel,sim,prevista,saudavel,0.026191
93,ferrugem,ferrugem,sim,prevista,ferrugem,0.056657
107,ferrugem,ferrugem,sim,prevista,ferrugem,0.040148
145,ferrugem,ferrugem,sim,prevista,ferrugem,0.034658
1277,ferrugem,ferrugem,sim,prevista,ferrugem,0.052741
718,bicho_mineiro,bicho_mineiro,sim,prevista,bicho_mineiro,0.015295
844,bicho_mineiro,bicho_mineiro,sim,prevista,bicho_mineiro,0.044450
1213,bicho_mineiro,bicho_mineiro,sim,prevista,bicho_mineiro,0.026132
1322,bicho_mineiro,bicho_mineiro,sim,prevista,bicho_mineiro,0.041304
326,phoma,phoma,sim,prevista,phoma,0.100063
434,phoma,phoma,sim,prevista,phoma,0.083670
516,phoma,phoma,sim,prevista,phoma,0.084298
547,phoma,phoma,sim,prevista,phoma,0.164188
525,cercosporiose,cercosporiose,sim,prevista,cercosporiose,0.051286
535,cercosporiose,cercosporiose,sim,prevista,cercosporiose,0.054024
917,cercosporiose,cercosporiose,sim,prevista,cercosporiose,0.008803
1438,cercosporiose,cercosporiose,sim,prevista,cercosporiose,0.068103
