fonte,limiar,mantidas,cobertura,acuracia,risco,ic95_baixo,ic95_alto,cobertura_saudavel,cobertura_ferrugem,cobertura_bicho_mineiro,cobertura_phoma,cobertura_cercosporiose
fora_da_dobra,0.300000,1431,0.999302,0.907757,0.092243,0.891653,0.921678,1.000000,1.000000,1.000000,0.996622,1.000000
fora_da_dobra,0.310000,1430,0.998603,0.907692,0.092308,0.891578,0.921622,0.995671,1.000000,1.000000,0.996622,1.000000
fora_da_dobra,0.320000,1428,0.997207,0.907563,0.092437,0.891427,0.921512,0.995671,1.000000,0.996960,0.993243,1.000000
fora_da_dobra,0.330000,1427,0.996508,0.908199,0.091801,0.892102,0.922104,0.995671,1.000000,0.996960,0.989865,1.000000
fora_da_dobra,0.340000,1426,0.995810,0.908836,0.091164,0.892777,0.922698,0.995671,1.000000,0.993921,0.989865,1.000000
fora_da_dobra,0.350000,1426,0.995810,0.908836,0.091164,0.892777,0.922698,0.995671,1.000000,0.993921,0.989865,1.000000
fora_da_dobra,0.360000,1424,0.994413,0.909410,0.090590,0.893380,0.923237,0.991342,0.997783,0.993921,0.989865,1.000000
fora_da_dobra,0.370000,1423,0.993715,0.910049,0.089951,0.894059,0.923832,0.991342,0.995565,0.993921,0.989865,1.000000
fora_da_dobra,0.380000,1422,0.993017,0.910689,0.089311,0.894738,0.924427,0.991342,0.995565,0.990881,0.989865,1.000000
fora_da_dobra,0.390000,1417,0.989525,0.913197,0.086803,0.897398,0.926762,0.991342,0.991131,0.984802,0.989865,0.992000
fora_da_dobra,0.400000,1416,0.988827,0.913842,0.086158,0.898084,0.927360,0.991342,0.988914,0.984802,0.989865,0.992000
fora_da_dobra,0.410000,1414,0.987430,0.913720,0.086280,0.897941,0.927257,0.991342,0.988914,0.981763,0.989865,0.984000
fora_da_dobra,0.420000,1410,0.984637,0.914894,0.085106,0.899178,0.928355,0.991342,0.986696,0.978723,0.986486,0.976000
fora_da_dobra,0.430000,1401,0.978352,0.919343,0.080657,0.903911,0.932482,0.991342,0.982262,0.960486,0.986486,0.968000
fora_da_dobra,0.440000,1398,0.976257,0.919886,0.080114,0.904478,0.932992,0.991342,0.977827,0.957447,0.986486,0.968000
fora_da_dobra,0.450000,1391,0.971369,0.922358,0.077642,0.907103,0.935287,0.991342,0.973392,0.945289,0.986486,0.960000
fora_da_dobra,0.460000,1388,0.969274,0.922911,0.077089,0.907682,0.935805,0.991342,0.971175,0.939210,0.986486,0.960000
fora_da_dobra,0.470000,1380,0.963687,0.925362,0.074638,0.910285,0.938078,0.987013,0.966741,0.933131,0.983108,0.944000
fora_da_dobra,0.480000,1374,0.959497,0.926492,0.073508,0.911472,0.939134,0.987013,0.960089,0.930091,0.979730,0.936000
fora_da_dobra,0.490000,1367,0.954609,0.930505,0.069495,0.915783,0.942814,0.987013,0.955654,0.920973,0.979730,0.920000
fora_da_dobra,0.500000,1365,0.953212,0.930403,0.069597,0.915661,0.942729,0.987013,0.953437,0.920973,0.979730,0.912000
fora_da_dobra,0.510000,1356,0.946927,0.932891,0.067109,0.918313,0.945023,0.987013,0.949002,0.917933,0.979730,0.864000
fora_da_dobra,0.520000,1345,0.939246,0.936803,0.063197,0.922515,0.948603,0.987013,0.937916,0.902736,0.979730,0.856000
fora_da_dobra,0.530000,1337,0.933659,0.938669,0.061331,0.924508,0.950316,0.987013,0.926829,0.899696,0.979730,0.840000
fora_da_dobra,0.540000,1331,0.929469,0.939895,0.060105,0.925816,0.951442,0.982684,0.924612,0.890578,0.979730,0.832000
fora_da_dobra,0.550000,1316,0.918994,0.942249,0.057751,0.928312,0.953613,0.982684,0.909091,0.881459,0.979730,0.792000
fora_da_dobra,0.560000,1304,0.910615,0.944018,0.055982,0.930187,0.955241,0.982684,0.898004,0.872340,0.969595,0.784000
fora_da_dobra,0.570000,1296,0.905028,0.944444,0.055556,0.930609,0.955652,0.974026,0.893570,0.863222,0.969595,0.776000
fora_da_dobra,0.580000,1288,0.899441,0.944876,0.055124,0.931038,0.956068,0.974026,0.889135,0.857143,0.969595,0.744000
fora_da_dobra,0.590000,1278,0.892458,0.946792,0.053208,0.933093,0.957813,0.965368,0.886918,0.848024,0.969595,0.712000
fora_da_dobra,0.600000,1271,0.887570,0.948859,0.051141,0.935339,0.959674,0.965368,0.878049,0.841945,0.966216,0.712000
fora_da_dobra,0.610000,1261,0.880587,0.950833,0.049167,0.937469,0.961458,0.961039,0.869180,0.835866,0.959459,0.704000
fora_da_dobra,0.620000,1251,0.873603,0.955236,0.044764,0.942316,0.965368,0.956710,0.864745,0.826748,0.952703,0.688000
fora_da_dobra,0.630000,1244,0.868715,0.954984,0.045016,0.941994,0.965172,0.952381,0.855876,0.820669,0.952703,0.688000
fora_da_dobra,0.640000,1236,0.863128,0.956311,0.043689,0.943432,0.966362,0.952381,0.844789,0.814590,0.952703,0.680000
fora_da_dobra,0.650000,1228,0.857542,0.956840,0.043160,0.943978,0.966853,0.952381,0.844789,0.799392,0.952703,0.656000
fora_da_dobra,0.660000,1218,0.850559,0.961412,0.038588,0.949065,0.970858,0.952381,0.835920,0.793313,0.942568,0.648000
fora_da_dobra,0.670000,1205,0.841480,0.962656,0.037344,0.950396,0.971974,0.952381,0.820399,0.784195,0.935811,0.640000
fora_da_dobra,0.680000,1198,0.836592,0.964942,0.035058,0.952951,0.973960,0.948052,0.818182,0.778116,0.929054,0.632000
fora_da_dobra,0.690000,1183,0.826117,0.968724,0.031276,0.957188,0.977225,0.948052,0.804878,0.765957,0.925676,0.600000
fora_da_dobra,0.700000,1171,0.817737,0.972673,0.027327,0.961678,0.980577,0.939394,0.800443,0.750760,0.922297,0.584000
fora_da_dobra,0.710000,1162,0.811453,0.973322,0.026678,0.962382,0.981143,0.939394,0.793792,0.741641,0.918919,0.568000
fora_da_dobra,0.720000,1150,0.803073,0.974783,0.025217,0.964018,0.982385,0.926407,0.789357,0.738602,0.912162,0.536000
fora_da_dobra,0.730000,1136,0.793296,0.974472,0.025528,0.963578,0.982168,0.922078,0.778271,0.729483,0.905405,0.512000
fora_da_dobra,0.740000,1117,0.780028,0.977619,0.022381,0.967169,0.984795,0.913420,0.764967,0.711246,0.898649,0.488000
fora_da_dobra,0.750000,1106,0.772346,0.978300,0.021700,0.967914,0.985375,0.913420,0.751663,0.702128,0.895270,0.480000
fora_da_dobra,0.760000,1089,0.760475,0.981635,0.018365,0.971803,0.988080,0.904762,0.747228,0.680851,0.888514,0.448000
fora_da_dobra,0.770000,1078,0.752793,0.981447,0.018553,0.971517,0.987958,0.900433,0.740576,0.662614,0.888514,0.440000
fora_da_dobra,0.780000,1063,0.742318,0.982126,0.017874,0.972252,0.988528,0.900433,0.727273,0.647416,0.878378,0.432000
fora_da_dobra,0.790000,1038,0.724860,0.984586,0.015414,0.975108,0.990490,0.896104,0.698448,0.626140,0.875000,0.408000
fora_da_dobra,0.800000,1018,0.710894,0.985265,0.014735,0.975831,0.991050,0.887446,0.680710,0.607903,0.868243,0.392000
fora_da_dobra,0.810000,1007,0.703212,0.985104,0.014896,0.975569,0.990952,0.887446,0.671840,0.592705,0.864865,0.384000
fora_da_dobra,0.820000,984,0.687151,0.986789,0.013211,0.977528,0.992263,0.878788,0.651885,0.571429,0.858108,0.360000
fora_da_dobra,0.830000,967,0.675279,0.986556,0.013444,0.977135,0.992127,0.874459,0.636364,0.553191,0.851351,0.352000
fora_da_dobra,0.840000,949,0.662709,0.987355,0.012645,0.978029,0.992752,0.857143,0.623060,0.541033,0.841216,0.344000
fora_da_dobra,0.850000,931,0.650140,0.987111,0.012889,0.977606,0.992612,0.848485,0.600887,0.534954,0.837838,0.320000
fora_da_dobra,0.860000,914,0.638268,0.989059,0.010941,0.979978,0.994046,0.848485,0.589800,0.519757,0.824324,0.296000
fora_da_dobra,0.870000,884,0.617318,0.989819,0.010181,0.980765,0.994635,0.839827,0.565410,0.486322,0.807432,0.288000
fora_da_dobra,0.880000,858,0.599162,0.990676,0.009324,0.981710,0.995268,0.839827,0.547672,0.449848,0.793919,0.272000
fora_da_dobra,0.890000,822,0.574022,0.992701,0.007299,0.984167,0.996651,0.835498,0.527716,0.419453,0.770270,0.200000
fora_da_dobra,0.900000,792,0.553073,0.992424,0.007576,0.983571,0.996523,0.813853,0.503326,0.389058,0.763514,0.184000
fora_da_dobra,0.910000,747,0.521648,0.993307,0.006693,0.984428,0.997138,0.792208,0.472284,0.349544,0.733108,0.152000
fora_da_dobra,0.920000,702,0.490223,0.992877,0.007123,0.983436,0.996954,0.757576,0.436807,0.322188,0.706081,0.120000
fora_da_dobra,0.930000,666,0.465084,0.993994,0.006006,0.984660,0.997662,0.744589,0.405765,0.300912,0.668919,0.112000
fora_da_dobra,0.940000,617,0.430866,0.996759,0.003241,0.988259,0.999111,0.696970,0.372506,0.279635,0.621622,0.096000
fora_da_dobra,0.950000,545,0.380587,0.998165,0.001835,0.989681,0.999676,0.649351,0.328160,0.209726,0.570946,0.072000
fora_da_dobra,0.960000,482,0.336592,0.997925,0.002075,0.988343,0.999634,0.588745,0.286031,0.164134,0.530405,0.048000
fora_da_dobra,0.970000,370,0.258380,1.000000,0.000000,0.989724,1.000000,0.497835,0.188470,0.121581,0.432432,0.016000
fora_da_dobra,0.980000,259,0.180866,1.000000,0.000000,0.985385,1.000000,0.354978,0.128603,0.082067,0.307432,0.008000
fora_da_dobra,0.990000,91,0.063547,1.000000,0.000000,0.959496,1.000000,0.108225,0.046563,0.030395,0.118243,0.000000
validacao,0.300000,252,1.000000,0.948413,0.051587,0.913752,0.969607,1.000000,1.000000,1.000000,1.000000,1.000000
validacao,0.310000,252,1.000000,0.948413,0.051587,0.913752,0.969607,1.000000,1.000000,1.000000,1.000000,1.000000
validacao,0.320000,252,1.000000,0.948413,0.051587,0.913752,0.969607,1.000000,1.000000,1.000000,1.000000,1.000000
validacao,0.330000,252,1.000000,0.948413,0.051587,0.913752,0.969607,1.000000,1.000000,1.000000,1.000000,1.000000
validacao,0.340000,252,1.000000,0.948413,0.051587,0.913752,0.969607,1.000000,1.000000,1.000000,1.000000,1.000000
validacao,0.350000,252,1.000000,0.948413,0.051587,0.913752,0.969607,1.000000,1.000000,1.000000,1.000000,1.000000
validacao,0.360000,252,1.000000,0.948413,0.051587,0.913752,0.969607,1.000000,1.000000,1.000000,1.000000,1.000000
validacao,0.370000,251,0.996032,0.948207,0.051793,0.913416,0.969485,1.000000,1.000000,0.982759,1.000000,1.000000
validacao,0.380000,251,0.996032,0.948207,0.051793,0.913416,0.969485,1.000000,1.000000,0.982759,1.000000,1.000000
validacao,0.390000,251,0.996032,0.948207,0.051793,0.913416,0.969485,1.000000,1.000000,0.982759,1.000000,1.000000
validacao,0.400000,251,0.996032,0.948207,0.051793,0.913416,0.969485,1.000000,1.000000,0.982759,1.000000,1.000000
validacao,0.410000,250,0.992063,0.948000,0.052000,0.913078,0.969362,1.000000,1.000000,0.982759,1.000000,0.954545
validacao,0.420000,249,0.988095,0.947791,0.052209,0.912737,0.969238,1.000000,1.000000,0.965517,1.000000,0.954545
validacao,0.430000,248,0.984127,0.947581,0.052419,0.912394,0.969113,1.000000,1.000000,0.965517,1.000000,0.909091
validacao,0.440000,246,0.976190,0.947154,0.052846,0.911698,0.968860,1.000000,1.000000,0.965517,0.980769,0.863636
validacao,0.450000,245,0.972222,0.946939,0.053061,0.911347,0.968732,1.000000,0.987342,0.965517,0.980769,0.863636
validacao,0.460000,245,0.972222,0.946939,0.053061,0.911347,0.968732,1.000000,0.987342,0.965517,0.980769,0.863636
validacao,0.470000,245,0.972222,0.946939,0.053061,0.911347,0.968732,1.000000,0.987342,0.965517,0.980769,0.863636
validacao,0.480000,245,0.972222,0.946939,0.053061,0.911347,0.968732,1.000000,0.987342,0.965517,0.980769,0.863636
validacao,0.490000,245,0.972222,0.946939,0.053061,0.911347,0.968732,1.000000,0.987342,0.965517,0.980769,0.863636
validacao,0.500000,245,0.972222,0.946939,0.053061,0.911347,0.968732,1.000000,0.987342,0.965517,0.980769,0.863636
validacao,0.510000,244,0.968254,0.946721,0.053279,0.910992,0.968603,1.000000,0.987342,0.948276,0.980769,0.863636
validacao,0.520000,244,0.968254,0.946721,0.053279,0.910992,0.968603,1.000000,0.987342,0.948276,0.980769,0.863636
validacao,0.530000,243,0.964286,0.946502,0.053498,0.910634,0.968472,1.000000,0.974684,0.948276,0.980769,0.863636
validacao,0.540000,243,0.964286,0.946502,0.053498,0.910634,0.968472,1.000000,0.974684,0.948276,0.980769,0.863636
validacao,0.550000,242,0.960317,0.946281,0.053719,0.910274,0.968341,0.975610,0.974684,0.948276,0.980769,0.863636
validacao,0.560000,240,0.952381,0.950000,0.050000,0.914652,0.971170,0.975610,0.962025,0.931034,0.980769,0.863636
validacao,0.570000,239,0.948413,0.953975,0.046025,0.919478,0.974109,0.975610,0.962025,0.931034,0.980769,0.818182
validacao,0.580000,238,0.944444,0.953782,0.046218,0.919148,0.973999,0.975610,0.962025,0.913793,0.980769,0.818182
validacao,0.590000,235,0.932540,0.953191,0.046809,0.918140,0.973665,0.975610,0.936709,0.896552,0.980769,0.818182
validacao,0.600000,235,0.932540,0.953191,0.046809,0.918140,0.973665,0.975610,0.936709,0.896552,0.980769,0.818182
validacao,0.610000,232,0.920635,0.961207,0.038793,0.927930,0.979459,0.975610,0.924051,0.896552,0.980769,0.727273
validacao,0.620000,232,0.920635,0.961207,0.038793,0.927930,0.979459,0.975610,0.924051,0.896552,0.980769,0.727273
validacao,0.630000,232,0.920635,0.961207,0.038793,0.927930,0.979459,0.975610,0.924051,0.896552,0.980769,0.727273
validacao,0.640000,229,0.908730,0.965066,0.034934,0.932592,0.982194,0.975610,0.898734,0.896552,0.980769,0.681818
validacao,0.650000,227,0.900794,0.964758,0.035242,0.932011,0.982036,0.975610,0.898734,0.862069,0.980769,0.681818
validacao,0.660000,227,0.900794,0.964758,0.035242,0.932011,0.982036,0.975610,0.898734,0.862069,0.980769,0.681818
validacao,0.670000,226,0.896825,0.964602,0.035398,0.931717,0.981956,0.975610,0.898734,0.862069,0.980769,0.636364
validacao,0.680000,225,0.892857,0.964444,0.035556,0.931421,0.981875,0.975610,0.898734,0.844828,0.980769,0.636364
validacao,0.690000,223,0.884921,0.964126,0.035874,0.930820,0.981712,0.975610,0.886076,0.827586,0.980769,0.636364
validacao,0.700000,223,0.884921,0.964126,0.035874,0.930820,0.981712,0.975610,0.886076,0.827586,0.980769,0.636364
validacao,0.710000,223,0.884921,0.964126,0.035874,0.930820,0.981712,0.975610,0.886076,0.827586,0.980769,0.636364
validacao,0.720000,222,0.880952,0.968468,0.031532,0.936356,0.984644,0.975610,0.886076,0.827586,0.980769,0.590909
validacao,0.730000,220,0.873016,0.972727,0.027273,0.941787,0.987442,0.951220,0.873418,0.827586,0.980769,0.590909
validacao,0.740000,216,0.857143,0.981481,0.018519,0.953361,0.992776,0.951220,0.860759,0.793103,0.961538,0.590909
validacao,0.750000,215,0.853175,0.981395,0.018605,0.953148,0.992742,0.951220,0.860759,0.775862,0.961538,0.590909
validacao,0.760000,215,0.853175,0.981395,0.018605,0.953148,0.992742,0.951220,0.860759,0.775862,0.961538,0.590909
validacao,0.770000,214,0.849206,0.981308,0.018692,0.952934,0.992708,0.951220,0.860759,0.758621,0.961538,0.590909
validacao,0.780000,210,0.833333,0.985714,0.014286,0.958848,0.995130,0.951220,0.835443,0.741379,0.942308,0.590909
validacao,0.790000,210,0.833333,0.985714,0.014286,0.958848,0.995130,0.951220,0.835443,0.741379,0.942308,0.590909
validacao,0.800000,208,0.825397,0.985577,0.014423,0.958460,0.995083,0.926829,0.822785,0.741379,0.942308,0.590909
validacao,0.810000,207,0.821429,0.985507,0.014493,0.958264,0.995059,0.926829,0.822785,0.741379,0.942308,0.545455
validacao,0.820000,203,0.805556,0.985222,0.014778,0.957459,0.994962,0.926829,0.797468,0.741379,0.942308,0.454545
validacao,0.830000,201,0.797619,0.985075,0.014925,0.957044,0.994911,0.926829,0.797468,0.741379,0.923077,0.409091
validacao,0.840000,201,0.797619,0.985075,0.014925,0.957044,0.994911,0.926829,0.797468,0.741379,0.923077,0.409091
validacao,0.850000,198,0.785714,0.984848,0.015152,0.956408,0.994834,0.926829,0.797468,0.724138,0.903846,0.363636
validacao,0.860000,196,0.777778,0.984694,0.015306,0.955973,0.994781,0.926829,0.784810,0.706897,0.903846,0.363636
validacao,0.870000,193,0.765873,0.984456,0.015544,0.955303,0.994700,0.926829,0.772152,0.706897,0.884615,0.318182
validacao,0.880000,188,0.746032,0.989362,0.010638,0.962048,0.997078,0.878049,0.759494,0.689655,0.865385,0.318182
validacao,0.890000,183,0.726190,0.989071,0.010929,0.961034,0.996998,0.853659,0.746835,0.672414,0.846154,0.272727
validacao,0.900000,178,0.706349,0.994382,0.005618,0.968868,0.999008,0.853659,0.708861,0.637931,0.846154,0.272727
validacao,0.910000,177,0.702381,0.994350,0.005650,0.968696,0.999002,0.853659,0.708861,0.637931,0.846154,0.227273
validacao,0.920000,173,0.686508,0.994220,0.005780,0.967989,0.998979,0.853659,0.658228,0.637931,0.846154,0.227273
validacao,0.930000,167,0.662698,1.000000,0.000000,0.977514,1.000000,0.853659,0.620253,0.586207,0.846154,0.227273
validacao,0.940000,163,0.646825,1.000000,0.000000,0.976975,1.000000,0.829268,0.607595,0.568966,0.846154,0.181818
validacao,0.950000,152,0.603175,1.000000,0.000000,0.975350,1.000000,0.780488,0.582278,0.482759,0.826923,0.136364
validacao,0.960000,141,0.559524,1.000000,0.000000,0.973478,1.000000,0.707317,0.556962,0.413793,0.788462,0.136364
validacao,0.970000,123,0.488095,1.000000,0.000000,0.969714,1.000000,0.634146,0.493671,0.327586,0.711538,0.090909
validacao,0.980000,97,0.384921,1.000000,0.000000,0.961906,1.000000,0.487805,0.405063,0.224138,0.576923,0.090909
validacao,0.990000,63,0.250000,1.000000,0.000000,0.942529,1.000000,0.219512,0.227848,0.172414,0.480769,0.045455
