id,classe,severidade,deteccoes,deteccoes_baixas,cobertura_maior,cortadas_por_cor,plano,regra,folhas,inteira_classe,inteira_confianca,inteira_nivel,recorte_A_classe,recorte_A_confianca,recorte_A_nivel,cadeia_A_classe,cadeia_A_confianca,cadeia_A_nivel,recorte_B_classe,recorte_B_confianca,recorte_B_nivel,cadeia_B_classe,cadeia_B_confianca,cadeia_B_nivel
1,saudavel,0,1,1,0.545028,1,foto_inteira,1.000000,1,0,0.989120,0,0.000000,0.986637,0.000000,0.000000,0.989120,0.000000,0.000000,0.977494,0.000000,0.000000,0.989120,0.000000
13,saudavel,0,1,2,0.551831,0,foto_inteira,1.000000,1,0,0.993798,0,0.000000,0.987676,0.000000,0.000000,0.993798,0.000000,0.000000,0.958286,0.000000,0.000000,0.993798,0.000000
26,bicho_mineiro,2,1,3,0.441751,0,foto_inteira,1.000000,1,2,0.979979,2,2.000000,0.956419,2.000000,2.000000,0.979979,2.000000,2.000000,0.944419,2.000000,2.000000,0.979979,2.000000
34,bicho_mineiro,1,1,2,0.453157,0,foto_inteira,1.000000,1,2,0.994854,1,2.000000,0.989898,1.000000,2.000000,0.994854,1.000000,2.000000,0.984302,1.000000,2.000000,0.994854,1.000000
40,bicho_mineiro,2,1,0,0.548295,2,foto_inteira,1.000000,1,2,0.971576,2,2.000000,0.977134,1.000000,2.000000,0.971576,2.000000,2.000000,0.965149,1.000000,2.000000,0.971576,2.000000
46,bicho_mineiro,1,1,2,0.521991,1,foto_inteira,1.000000,1,2,0.927177,1,2.000000,0.954420,1.000000,2.000000,0.927177,1.000000,2.000000,0.875717,1.000000,2.000000,0.927177,1.000000
52,bicho_mineiro,1,2,3,0.465118,0,deteccao,,2,2,0.984927,1,2.000000,0.946499,1.000000,2.000000,0.946499,1.000000,2.000000,0.915742,1.000000,2.000000,0.915742,1.000000
53,bicho_mineiro,2,1,2,0.372328,1,foto_inteira,1.000000,1,2,0.962001,2,2.000000,0.973878,2.000000,2.000000,0.962001,2.000000,2.000000,0.958343,2.000000,2.000000,0.962001,2.000000
54,bicho_mineiro,2,0,3,0.000000,1,foto_inteira,2.000000,1,2,0.875631,1,2.000000,0.875631,1.000000,2.000000,0.875631,1.000000,2.000000,0.875631,1.000000,2.000000,0.875631,1.000000
69,bicho_mineiro,1,1,2,0.460441,1,foto_inteira,1.000000,1,2,0.978664,1,2.000000,0.993113,1.000000,2.000000,0.978664,1.000000,2.000000,0.971161,1.000000,2.000000,0.978664,1.000000
72,bicho_mineiro,2,1,2,0.447245,0,foto_inteira,1.000000,1,2,0.970829,2,2.000000,0.958553,2.000000,2.000000,0.970829,2.000000,2.000000,0.985217,2.000000,2.000000,0.970829,2.000000
93,ferrugem,1,1,1,0.597289,2,foto_inteira,1.000000,1,1,0.990379,1,1.000000,0.992242,1.000000,1.000000,0.990379,1.000000,1.000000,0.996373,1.000000,1.000000,0.990379,1.000000
98,ferrugem,2,1,0,0.430609,0,foto_inteira,1.000000,1,1,0.988324,2,1.000000,0.976303,2.000000,1.000000,0.988324,2.000000,1.000000,0.970702,2.000000,1.000000,0.988324,2.000000
102,ferrugem,1,1,3,0.395093,1,foto_inteira,1.000000,1,1,0.977044,1,1.000000,0.969528,1.000000,1.000000,0.977044,1.000000,1.000000,0.979429,1.000000,1.000000,0.977044,1.000000
106,ferrugem,2,1,1,0.496867,1,foto_inteira,1.000000,1,1,0.898791,2,1.000000,0.882953,2.000000,1.000000,0.898791,2.000000,1.000000,0.858056,2.000000,1.000000,0.898791,2.000000
107,ferrugem,1,1,2,0.537536,0,foto_inteira,1.000000,1,1,0.991311,1,1.000000,0.989214,1.000000,1.000000,0.991311,1.000000,1.000000,0.989296,1.000000,1.000000,0.991311,1.000000
112,ferrugem,2,1,3,0.588953,0,foto_inteira,1.000000,1,1,0.995914,1,1.000000,0.996758,1.000000,1.000000,0.995914,1.000000,1.000000,0.995353,1.000000,1.000000,0.995914,1.000000
134,ferrugem,1,1,1,0.629682,0,foto_inteira,1.000000,1,1,0.984624,1,1.000000,0.981535,1.000000,1.000000,0.984624,1.000000,1.000000,0.983935,1.000000,1.000000,0.984624,1.000000
135,ferrugem,3,1,1,0.563569,2,foto_inteira,1.000000,1,1,0.896248,2,1.000000,0.892219,2.000000,1.000000,0.896248,2.000000,1.000000,0.889062,2.000000,1.000000,0.896248,2.000000
138,ferrugem,3,1,1,0.535301,1,foto_inteira,1.000000,1,1,0.969634,2,1.000000,0.958803,2.000000,1.000000,0.969634,2.000000,1.000000,0.968983,2.000000,1.000000,0.969634,2.000000
139,ferrugem,4,1,0,0.494410,2,foto_inteira,1.000000,1,1,0.853522,2,1.000000,0.887925,2.000000,1.000000,0.853522,2.000000,1.000000,0.913918,2.000000,1.000000,0.853522,2.000000
145,ferrugem,1,1,1,0.608959,1,foto_inteira,1.000000,1,1,0.991529,2,1.000000,0.993605,2.000000,1.000000,0.991529,2.000000,1.000000,0.991793,2.000000,1.000000,0.991529,2.000000
152,ferrugem,1,1,2,0.408540,2,foto_inteira,1.000000,1,1,0.977120,1,1.000000,0.989828,1.000000,1.000000,0.977120,1.000000,1.000000,0.987699,1.000000,1.000000,0.977120,1.000000
159,ferrugem,1,1,4,0.393884,1,foto_inteira,1.000000,1,1,0.988946,2,1.000000,0.997973,1.000000,1.000000,0.988946,2.000000,1.000000,0.998515,1.000000,1.000000,0.988946,2.000000
174,saudavel,0,1,4,0.461762,1,foto_inteira,1.000000,1,0,0.996235,0,0.000000,0.990759,0.000000,0.000000,0.996235,0.000000,0.000000,0.966805,0.000000,0.000000,0.996235,0.000000
180,saudavel,0,1,1,0.523531,1,foto_inteira,1.000000,1,0,0.987966,0,0.000000,0.965783,0.000000,0.000000,0.987966,0.000000,0.000000,0.955248,0.000000,0.000000,0.987966,0.000000
184,saudavel,0,1,3,0.473149,2,foto_inteira,1.000000,1,0,0.998134,0,0.000000,0.998289,0.000000,0.000000,0.998134,0.000000,0.000000,0.996416,0.000000,0.000000,0.998134,0.000000
186,saudavel,0,1,1,0.476484,2,foto_inteira,1.000000,1,0,0.986152,0,0.000000,0.984519,0.000000,0.000000,0.986152,0.000000,0.000000,0.984142,0.000000,0.000000,0.986152,0.000000
187,saudavel,0,1,3,0.576714,2,foto_inteira,1.000000,1,0,0.994394,0,0.000000,0.994496,0.000000,0.000000,0.994394,0.000000,0.000000,0.985280,0.000000,0.000000,0.994394,0.000000
192,saudavel,0,1,2,0.285623,2,deteccao,,1,0,0.957902,0,0.000000,0.984621,0.000000,0.000000,0.984621,0.000000,0.000000,0.929295,0.000000,0.000000,0.929295,0.000000
200,saudavel,0,1,5,0.544679,1,foto_inteira,1.000000,1,0,0.962166,0,0.000000,0.975209,0.000000,0.000000,0.962166,0.000000,0.000000,0.944803,0.000000,0.000000,0.962166,0.000000
206,saudavel,0,1,5,0.472327,1,foto_inteira,1.000000,1,0,0.975965,0,0.000000,0.958476,0.000000,0.000000,0.975965,0.000000,0.000000,0.771309,0.000000,0.000000,0.975965,0.000000
208,saudavel,0,1,3,0.427445,1,foto_inteira,1.000000,1,0,0.983038,0,0.000000,0.981467,0.000000,0.000000,0.983038,0.000000,0.000000,0.935805,0.000000,0.000000,0.983038,0.000000
219,bicho_mineiro,2,1,2,0.625521,1,foto_inteira,1.000000,1,2,0.955403,2,2.000000,0.988676,2.000000,2.000000,0.955403,2.000000,2.000000,0.972929,2.000000,2.000000,0.955403,2.000000
221,bicho_mineiro,1,1,2,0.420700,2,foto_inteira,1.000000,1,2,0.941305,1,2.000000,0.922586,1.000000,2.000000,0.941305,1.000000,2.000000,0.882118,1.000000,2.000000,0.941305,1.000000
233,phoma,1,0,1,0.000000,0,foto_inteira,2.000000,1,3,0.829026,1,3.000000,0.829026,1.000000,3.000000,0.829026,1.000000,3.000000,0.829026,1.000000,3.000000,0.829026,1.000000
238,phoma,1,1,1,0.598047,0,foto_inteira,1.000000,1,3,0.973902,1,3.000000,0.941190,1.000000,3.000000,0.973902,1.000000,3.000000,0.732474,1.000000,3.000000,0.973902,1.000000
239,phoma,1,1,1,0.411163,0,foto_inteira,1.000000,1,3,0.996685,1,3.000000,0.998007,1.000000,3.000000,0.996685,1.000000,3.000000,0.983726,1.000000,3.000000,0.996685,1.000000
241,phoma,2,1,1,0.284396,0,deteccao,,1,3,0.996603,2,3.000000,0.987069,2.000000,3.000000,0.987069,2.000000,3.000000,0.938375,2.000000,3.000000,0.938375,2.000000
254,phoma,3,1,3,0.367498,0,foto_inteira,1.000000,1,3,0.986053,2,3.000000,0.989299,2.000000,3.000000,0.986053,2.000000,3.000000,0.959455,2.000000,3.000000,0.986053,2.000000
257,phoma,2,1,1,0.735976,0,foto_inteira,1.000000,1,3,0.998697,1,3.000000,0.994429,1.000000,3.000000,0.998697,1.000000,3.000000,0.990562,2.000000,3.000000,0.998697,1.000000
272,phoma,2,0,1,0.000000,0,foto_inteira,2.000000,1,3,0.993445,2,3.000000,0.993445,2.000000,3.000000,0.993445,2.000000,3.000000,0.993445,2.000000,3.000000,0.993445,2.000000
297,phoma,2,1,1,0.527018,0,foto_inteira,1.000000,1,3,0.975947,2,3.000000,0.969127,2.000000,3.000000,0.975947,2.000000,3.000000,0.938801,2.000000,3.000000,0.975947,2.000000
304,phoma,2,2,2,0.472323,1,deteccao,,2,3,0.996916,1,3.000000,0.998079,1.000000,3.000000,0.998079,1.000000,3.000000,0.993710,1.000000,3.000000,0.993710,1.000000
305,phoma,1,2,0,0.620791,0,deteccao,,2,3,0.994860,1,3.000000,0.988942,1.000000,3.000000,0.988942,1.000000,3.000000,0.986700,1.000000,3.000000,0.986700,1.000000
311,phoma,1,1,1,0.614835,0,foto_inteira,1.000000,1,3,0.994909,1,3.000000,0.992261,1.000000,3.000000,0.994909,1.000000,3.000000,0.929226,1.000000,3.000000,0.994909,1.000000
313,phoma,1,1,1,0.448747,0,foto_inteira,1.000000,1,3,0.994597,1,3.000000,0.997973,1.000000,3.000000,0.994597,1.000000,3.000000,0.986952,1.000000,3.000000,0.994597,1.000000
316,phoma,1,1,1,0.549126,0,foto_inteira,1.000000,1,3,0.998226,1,3.000000,0.995583,1.000000,3.000000,0.998226,1.000000,3.000000,0.974858,1.000000,3.000000,0.998226,1.000000
326,phoma,2,3,2,0.424529,0,deteccao,,3,3,0.983856,2,3.000000,0.945465,2.000000,3.000000,0.945465,2.000000,3.000000,0.877344,2.000000,3.000000,0.877344,2.000000
329,phoma,1,1,2,0.515323,0,foto_inteira,1.000000,1,3,0.986935,1,3.000000,0.989647,1.000000,3.000000,0.986935,1.000000,3.000000,0.943508,1.000000,3.000000,0.986935,1.000000
333,phoma,1,2,5,0.420697,0,deteccao,,2,3,0.988508,1,3.000000,0.901924,2.000000,3.000000,0.901924,2.000000,3.000000,0.892370,1.000000,3.000000,0.892370,1.000000
334,phoma,2,1,1,0.445046,0,foto_inteira,1.000000,1,3,0.974516,1,3.000000,0.978602,1.000000,3.000000,0.974516,1.000000,3.000000,0.912893,1.000000,3.000000,0.974516,1.000000
338,phoma,1,1,2,0.593192,0,foto_inteira,1.000000,1,3,0.999075,1,3.000000,0.997760,1.000000,3.000000,0.999075,1.000000,3.000000,0.989944,1.000000,3.000000,0.999075,1.000000
342,phoma,1,1,3,0.335951,0,foto_inteira,1.000000,1,3,0.994975,1,3.000000,0.996981,1.000000,3.000000,0.994975,1.000000,3.000000,0.995480,1.000000,3.000000,0.994975,1.000000
344,phoma,1,1,1,0.416301,0,foto_inteira,1.000000,1,3,0.997100,1,3.000000,0.995792,1.000000,3.000000,0.997100,1.000000,3.000000,0.978941,1.000000,3.000000,0.997100,1.000000
350,phoma,3,1,0,0.585679,1,foto_inteira,1.000000,1,3,0.979146,2,3.000000,0.954860,2.000000,3.000000,0.979146,2.000000,3.000000,0.912187,2.000000,3.000000,0.979146,2.000000
352,phoma,1,1,0,0.412530,0,foto_inteira,1.000000,1,3,0.997513,1,3.000000,0.994240,1.000000,3.000000,0.997513,1.000000,3.000000,0.971023,1.000000,3.000000,0.997513,1.000000
380,phoma,1,1,0,0.434947,0,foto_inteira,1.000000,1,3,0.996813,1,3.000000,0.986848,1.000000,3.000000,0.996813,1.000000,3.000000,0.976678,1.000000,3.000000,0.996813,1.000000
382,phoma,1,0,3,0.000000,0,foto_inteira,2.000000,1,3,0.996199,1,3.000000,0.996199,1.000000,3.000000,0.996199,1.000000,3.000000,0.996199,1.000000,3.000000,0.996199,1.000000
389,phoma,1,1,0,0.415664,0,foto_inteira,1.000000,1,3,0.968039,1,3.000000,0.994124,1.000000,3.000000,0.968039,1.000000,3.000000,0.917742,1.000000,3.000000,0.968039,1.000000
395,phoma,1,2,0,0.397364,0,deteccao,,2,3,0.992226,1,3.000000,0.993209,1.000000,3.000000,0.993209,1.000000,3.000000,0.975354,1.000000,3.000000,0.975354,1.000000
396,phoma,1,1,1,0.439256,0,foto_inteira,1.000000,1,3,0.997145,1,3.000000,0.989325,1.000000,3.000000,0.997145,1.000000,3.000000,0.924005,1.000000,3.000000,0.997145,1.000000
406,phoma,1,1,1,0.588736,0,foto_inteira,1.000000,1,3,0.993824,1,3.000000,0.994856,1.000000,3.000000,0.993824,1.000000,3.000000,0.988560,1.000000,3.000000,0.993824,1.000000
409,phoma,4,1,2,0.365077,0,foto_inteira,1.000000,1,3,0.884677,2,3.000000,0.874647,2.000000,3.000000,0.884677,2.000000,3.000000,0.784983,2.000000,3.000000,0.884677,2.000000
422,phoma,1,0,2,0.000000,0,foto_inteira,2.000000,1,3,0.994579,2,3.000000,0.994579,2.000000,3.000000,0.994579,2.000000,3.000000,0.994579,2.000000,3.000000,0.994579,2.000000
434,phoma,2,1,0,0.631110,0,foto_inteira,1.000000,1,3,0.992049,1,3.000000,0.969597,1.000000,3.000000,0.992049,1.000000,3.000000,0.926003,2.000000,3.000000,0.992049,1.000000
435,phoma,1,1,1,0.589512,0,foto_inteira,1.000000,1,3,0.978417,1,3.000000,0.907619,1.000000,3.000000,0.978417,1.000000,3.000000,0.703719,1.000000,3.000000,0.978417,1.000000
451,phoma,2,1,1,0.519216,0,foto_inteira,1.000000,1,3,0.955218,1,3.000000,0.874006,1.000000,3.000000,0.955218,1.000000,3.000000,0.824014,1.000000,3.000000,0.955218,1.000000
455,phoma,1,0,1,0.000000,0,foto_inteira,2.000000,1,3,0.860116,1,3.000000,0.860116,1.000000,3.000000,0.860116,1.000000,3.000000,0.860116,1.000000,3.000000,0.860116,1.000000
464,phoma,1,1,1,0.377901,0,foto_inteira,1.000000,1,3,0.990896,2,3.000000,0.987990,1.000000,3.000000,0.990896,2.000000,3.000000,0.910719,1.000000,3.000000,0.990896,2.000000
484,phoma,2,1,2,0.436231,0,foto_inteira,1.000000,1,3,0.990537,1,3.000000,0.988111,1.000000,3.000000,0.990537,1.000000,3.000000,0.978332,1.000000,3.000000,0.990537,1.000000
485,phoma,1,1,0,0.362925,1,foto_inteira,1.000000,1,3,0.960096,1,3.000000,0.959359,1.000000,3.000000,0.960096,1.000000,3.000000,0.868771,1.000000,3.000000,0.960096,1.000000
498,phoma,2,2,1,0.599701,0,deteccao,,2,3,0.975863,1,3.000000,0.984411,1.000000,3.000000,0.984411,1.000000,3.000000,0.909536,1.000000,3.000000,0.909536,1.000000
509,phoma,2,1,2,0.518629,1,foto_inteira,1.000000,1,3,0.992353,2,3.000000,0.984274,2.000000,3.000000,0.992353,2.000000,3.000000,0.945255,1.000000,3.000000,0.992353,2.000000
516,phoma,1,1,1,0.463402,1,foto_inteira,1.000000,1,3,0.994631,1,3.000000,0.994407,1.000000,3.000000,0.994631,1.000000,3.000000,0.991691,1.000000,3.000000,0.994631,1.000000
518,phoma,1,1,3,0.479488,0,foto_inteira,1.000000,1,3,0.996914,1,3.000000,0.996359,1.000000,3.000000,0.996914,1.000000,3.000000,0.977271,1.000000,3.000000,0.996914,1.000000
523,phoma,2,0,1,0.000000,1,nenhuma,3.000000,0,3,0.977914,1,,,,,,,,,,,,
525,cercosporiose,1,1,0,0.534753,0,foto_inteira,1.000000,1,4,0.887384,1,4.000000,0.750866,1.000000,4.000000,0.887384,1.000000,4.000000,0.902206,1.000000,4.000000,0.887384,1.000000
533,phoma,4,1,0,0.498565,1,foto_inteira,1.000000,1,3,0.733346,2,3.000000,0.599000,2.000000,3.000000,0.733346,2.000000,3.000000,0.506325,2.000000,3.000000,0.733346,2.000000
535,cercosporiose,2,1,1,0.449734,0,foto_inteira,1.000000,1,4,0.829572,1,3.000000,0.339741,1.000000,4.000000,0.829572,1.000000,2.000000,0.417546,1.000000,4.000000,0.829572,1.000000
536,phoma,3,2,0,0.630570,0,deteccao,,2,3,0.439988,1,4.000000,0.537545,1.000000,4.000000,0.537545,1.000000,4.000000,0.621793,1.000000,4.000000,0.621793,1.000000
537,phoma,2,1,1,0.300152,0,foto_inteira,1.000000,1,3,0.966881,1,3.000000,0.816834,1.000000,3.000000,0.966881,1.000000,3.000000,0.730471,1.000000,3.000000,0.966881,1.000000
547,phoma,4,1,2,0.228540,0,deteccao,,1,3,0.842465,2,3.000000,0.762057,2.000000,3.000000,0.762057,2.000000,3.000000,0.882549,2.000000,3.000000,0.882549,2.000000
554,phoma,2,1,0,0.515683,0,foto_inteira,1.000000,1,3,0.941090,2,3.000000,0.932398,2.000000,3.000000,0.941090,2.000000,3.000000,0.775908,2.000000,3.000000,0.941090,2.000000
557,phoma,1,1,0,0.464646,0,foto_inteira,1.000000,1,3,0.958114,2,3.000000,0.935940,2.000000,3.000000,0.958114,2.000000,3.000000,0.891984,2.000000,3.000000,0.958114,2.000000
570,ferrugem,2,2,1,0.613728,0,deteccao,,2,1,0.959791,1,1.000000,0.880099,1.000000,1.000000,0.880099,1.000000,1.000000,0.941258,1.000000,1.000000,0.941258,1.000000
577,cercosporiose,1,1,2,0.660816,0,foto_inteira,1.000000,1,4,0.982219,1,4.000000,0.978321,1.000000,4.000000,0.982219,1.000000,4.000000,0.886621,1.000000,4.000000,0.982219,1.000000
578,saudavel,0,1,1,0.536033,0,foto_inteira,1.000000,1,3,0.720484,1,3.000000,0.673513,1.000000,3.000000,0.720484,1.000000,3.000000,0.700752,1.000000,3.000000,0.720484,1.000000
583,saudavel,0,1,0,0.515282,0,foto_inteira,1.000000,1,0,0.974243,0,0.000000,0.945168,0.000000,0.000000,0.974243,0.000000,0.000000,0.931202,0.000000,0.000000,0.974243,0.000000
587,saudavel,0,1,1,0.436501,0,foto_inteira,1.000000,1,0,0.942314,0,0.000000,0.950540,0.000000,0.000000,0.942314,0.000000,0.000000,0.856956,0.000000,0.000000,0.942314,0.000000
590,ferrugem,2,1,0,0.556022,0,foto_inteira,1.000000,1,1,0.915948,1,1.000000,0.882433,1.000000,1.000000,0.915948,1.000000,1.000000,0.873480,1.000000,1.000000,0.915948,1.000000
591,phoma,1,1,0,0.496507,0,foto_inteira,1.000000,1,3,0.968303,1,3.000000,0.968052,1.000000,3.000000,0.968303,1.000000,3.000000,0.920508,1.000000,3.000000,0.968303,1.000000
601,saudavel,0,1,0,0.501326,0,foto_inteira,1.000000,1,0,0.978757,0,0.000000,0.964247,0.000000,0.000000,0.978757,0.000000,0.000000,0.966575,0.000000,0.000000,0.978757,0.000000
633,saudavel,0,1,0,0.545662,0,foto_inteira,1.000000,1,0,0.993638,0,0.000000,0.995461,0.000000,0.000000,0.993638,0.000000,0.000000,0.990284,0.000000,0.000000,0.993638,0.000000
641,ferrugem,1,1,0,0.544872,0,foto_inteira,1.000000,1,1,0.637681,1,1.000000,0.654793,1.000000,1.000000,0.637681,1.000000,1.000000,0.641883,1.000000,1.000000,0.637681,1.000000
648,cercosporiose,1,1,2,0.565413,0,foto_inteira,1.000000,1,4,0.801259,1,4.000000,0.568378,1.000000,4.000000,0.801259,1.000000,1.000000,0.519931,1.000000,4.000000,0.801259,1.000000
653,cercosporiose,1,1,0,0.462213,0,foto_inteira,1.000000,1,4,0.667357,1,3.000000,0.546540,1.000000,4.000000,0.667357,1.000000,4.000000,0.290355,1.000000,4.000000,0.667357,1.000000
661,phoma,1,1,2,0.721191,0,foto_inteira,1.000000,1,3,0.981544,1,3.000000,0.964545,1.000000,3.000000,0.981544,1.000000,3.000000,0.960651,1.000000,3.000000,0.981544,1.000000
665,ferrugem,1,1,0,0.488867,0,foto_inteira,1.000000,1,1,0.929001,1,1.000000,0.900272,1.000000,1.000000,0.929001,1.000000,1.000000,0.878180,1.000000,1.000000,0.929001,1.000000
674,saudavel,0,1,0,0.319228,2,foto_inteira,1.000000,1,0,0.870960,0,0.000000,0.945127,0.000000,0.000000,0.870960,0.000000,0.000000,0.523662,0.000000,0.000000,0.870960,0.000000
694,saudavel,0,2,0,0.666637,1,deteccao,,2,0,0.981191,0,0.000000,0.988574,0.000000,0.000000,0.988574,0.000000,0.000000,0.974696,0.000000,0.000000,0.974696,0.000000
700,bicho_mineiro,1,1,1,0.486961,0,foto_inteira,1.000000,1,2,0.960783,1,2.000000,0.802526,1.000000,2.000000,0.960783,1.000000,3.000000,0.365734,1.000000,2.000000,0.960783,1.000000
711,ferrugem,1,1,0,0.393964,0,foto_inteira,1.000000,1,1,0.945122,1,1.000000,0.863987,1.000000,1.000000,0.945122,1.000000,1.000000,0.755118,1.000000,1.000000,0.945122,1.000000
718,bicho_mineiro,1,1,2,0.675052,1,foto_inteira,1.000000,1,2,0.743855,2,2.000000,0.818403,1.000000,2.000000,0.743855,2.000000,2.000000,0.728523,1.000000,2.000000,0.743855,2.000000
728,bicho_mineiro,1,1,0,0.560242,2,foto_inteira,1.000000,1,2,0.940011,2,2.000000,0.972236,1.000000,2.000000,0.940011,2.000000,2.000000,0.919460,2.000000,2.000000,0.940011,2.000000
734,saudavel,0,1,1,0.528613,2,foto_inteira,1.000000,1,0,0.985645,0,0.000000,0.977588,0.000000,0.000000,0.985645,0.000000,0.000000,0.883383,0.000000,0.000000,0.985645,0.000000
756,ferrugem,3,2,3,0.405839,0,deteccao,,2,1,0.811000,2,1.000000,0.666089,2.000000,1.000000,0.666089,2.000000,2.000000,0.914063,1.000000,2.000000,0.914063,1.000000
757,bicho_mineiro,1,1,2,0.461947,1,foto_inteira,1.000000,1,2,0.996513,1,2.000000,0.993198,1.000000,2.000000,0.996513,1.000000,2.000000,0.991228,1.000000,2.000000,0.996513,1.000000
773,saudavel,0,1,1,0.523934,1,foto_inteira,1.000000,1,0,0.943097,0,0.000000,0.911504,0.000000,0.000000,0.943097,0.000000,0.000000,0.710239,0.000000,0.000000,0.943097,0.000000
783,bicho_mineiro,1,1,3,0.531076,0,foto_inteira,1.000000,1,1,0.550314,1,2.000000,0.463478,1.000000,1.000000,0.550314,1.000000,1.000000,0.609759,1.000000,1.000000,0.550314,1.000000
785,ferrugem,2,1,1,0.487780,0,foto_inteira,1.000000,1,1,0.928247,1,1.000000,0.966362,2.000000,1.000000,0.928247,1.000000,1.000000,0.953972,2.000000,1.000000,0.928247,1.000000
793,saudavel,0,1,4,0.691556,1,foto_inteira,1.000000,1,0,0.933277,0,0.000000,0.886006,0.000000,0.000000,0.933277,0.000000,0.000000,0.778749,0.000000,0.000000,0.933277,0.000000
794,bicho_mineiro,3,1,2,0.357955,0,foto_inteira,1.000000,1,2,0.577701,2,2.000000,0.510333,2.000000,2.000000,0.577701,2.000000,1.000000,0.831682,1.000000,2.000000,0.577701,2.000000
798,ferrugem,1,0,5,0.000000,3,foto_inteira,2.000000,1,1,0.979308,1,1.000000,0.979308,1.000000,1.000000,0.979308,1.000000,1.000000,0.979308,1.000000,1.000000,0.979308,1.000000
799,bicho_mineiro,3,1,3,0.643760,2,foto_inteira,1.000000,1,2,0.676032,2,2.000000,0.808241,2.000000,2.000000,0.676032,2.000000,2.000000,0.766553,2.000000,2.000000,0.676032,2.000000
801,ferrugem,4,2,3,0.346342,0,deteccao,,2,1,0.963845,2,1.000000,0.934742,2.000000,1.000000,0.934742,2.000000,1.000000,0.650559,1.000000,1.000000,0.650559,1.000000
808,bicho_mineiro,1,2,3,0.300327,1,deteccao,,2,2,0.778044,1,2.000000,0.959644,1.000000,2.000000,0.959644,1.000000,2.000000,0.855293,1.000000,2.000000,0.855293,1.000000
811,phoma,3,1,2,0.786719,1,foto_inteira,1.000000,1,2,0.772305,2,2.000000,0.942267,1.000000,2.000000,0.772305,2.000000,2.000000,0.927919,1.000000,2.000000,0.772305,2.000000
812,ferrugem,2,1,4,0.346453,2,foto_inteira,1.000000,1,1,0.978952,2,1.000000,0.894585,2.000000,1.000000,0.978952,2.000000,1.000000,0.752660,1.000000,1.000000,0.978952,2.000000
817,bicho_mineiro,1,1,2,0.594374,1,foto_inteira,1.000000,1,1,0.891509,1,1.000000,0.576724,1.000000,1.000000,0.891509,1.000000,1.000000,0.607318,1.000000,1.000000,0.891509,1.000000
822,bicho_mineiro,2,1,1,0.443819,0,foto_inteira,1.000000,1,2,0.986137,2,2.000000,0.991015,2.000000,2.000000,0.986137,2.000000,2.000000,0.962311,2.000000,2.000000,0.986137,2.000000
824,saudavel,0,1,2,0.623477,1,foto_inteira,1.000000,1,0,0.980710,0,0.000000,0.984936,0.000000,0.000000,0.980710,0.000000,0.000000,0.948478,0.000000,0.000000,0.980710,0.000000
844,bicho_mineiro,1,1,5,0.648809,2,foto_inteira,1.000000,1,2,0.951718,1,2.000000,0.954292,1.000000,2.000000,0.951718,1.000000,2.000000,0.854737,1.000000,2.000000,0.951718,1.000000
845,saudavel,0,1,2,0.424471,0,foto_inteira,1.000000,1,0,0.971058,0,0.000000,0.929394,0.000000,0.000000,0.971058,0.000000,0.000000,0.772156,0.000000,0.000000,0.971058,0.000000
855,bicho_mineiro,1,1,3,0.522132,2,foto_inteira,1.000000,1,2,0.990192,2,2.000000,0.993527,2.000000,2.000000,0.990192,2.000000,2.000000,0.972369,2.000000,2.000000,0.990192,2.000000
857,bicho_mineiro,2,1,1,0.579366,2,foto_inteira,1.000000,1,2,0.967716,1,2.000000,0.978498,1.000000,2.000000,0.967716,1.000000,2.000000,0.975972,2.000000,2.000000,0.967716,1.000000
873,bicho_mineiro,1,1,1,0.594539,1,foto_inteira,1.000000,1,2,0.890174,1,2.000000,0.902161,1.000000,2.000000,0.890174,1.000000,2.000000,0.895466,1.000000,2.000000,0.890174,1.000000
878,ferrugem,1,1,3,0.329489,2,foto_inteira,1.000000,1,1,0.988063,1,1.000000,0.991039,1.000000,1.000000,0.988063,1.000000,4.000000,0.432553,1.000000,1.000000,0.988063,1.000000
886,saudavel,0,1,1,0.500437,0,foto_inteira,1.000000,1,0,0.983082,0,0.000000,0.987537,0.000000,0.000000,0.983082,0.000000,0.000000,0.960390,0.000000,0.000000,0.983082,0.000000
888,bicho_mineiro,1,1,1,0.577832,2,foto_inteira,1.000000,1,2,0.962165,1,2.000000,0.851213,1.000000,2.000000,0.962165,1.000000,2.000000,0.935362,1.000000,2.000000,0.962165,1.000000
909,saudavel,0,1,1,0.546884,1,foto_inteira,1.000000,1,0,0.992429,0,0.000000,0.992859,0.000000,0.000000,0.992429,0.000000,0.000000,0.973217,0.000000,0.000000,0.992429,0.000000
910,bicho_mineiro,1,3,4,0.359513,0,deteccao,,3,2,0.503965,1,4.000000,0.430642,1.000000,4.000000,0.430642,1.000000,1.000000,0.447690,1.000000,1.000000,0.447690,1.000000
913,saudavel,0,1,0,0.551686,0,foto_inteira,1.000000,1,0,0.547136,1,0.000000,0.685015,0.000000,0.000000,0.547136,1.000000,0.000000,0.417574,1.000000,0.000000,0.547136,1.000000
917,cercosporiose,1,0,2,0.000000,1,foto_inteira,2.000000,1,4,0.849589,1,4.000000,0.849589,1.000000,4.000000,0.849589,1.000000,4.000000,0.849589,1.000000,4.000000,0.849589,1.000000
922,bicho_mineiro,1,1,1,0.680230,2,foto_inteira,1.000000,1,4,0.739766,1,4.000000,0.286404,1.000000,4.000000,0.739766,1.000000,4.000000,0.316761,1.000000,4.000000,0.739766,1.000000
938,saudavel,0,1,0,0.510236,0,foto_inteira,1.000000,1,0,0.976850,0,0.000000,0.983994,0.000000,0.000000,0.976850,0.000000,0.000000,0.979982,0.000000,0.000000,0.976850,0.000000
946,saudavel,0,1,0,0.469255,0,foto_inteira,1.000000,1,0,0.994327,0,0.000000,0.982784,0.000000,0.000000,0.994327,0.000000,0.000000,0.978916,0.000000,0.000000,0.994327,0.000000
948,saudavel,0,1,1,0.458151,0,foto_inteira,1.000000,1,0,0.956237,0,0.000000,0.975509,0.000000,0.000000,0.956237,0.000000,0.000000,0.950571,0.000000,0.000000,0.956237,0.000000
951,saudavel,0,1,1,0.523930,1,foto_inteira,1.000000,1,0,0.987058,0,0.000000,0.967460,0.000000,0.000000,0.987058,0.000000,0.000000,0.877997,0.000000,0.000000,0.987058,0.000000
961,saudavel,0,1,1,0.448261,0,foto_inteira,1.000000,1,0,0.961617,0,0.000000,0.918175,0.000000,0.000000,0.961617,0.000000,0.000000,0.868349,0.000000,0.000000,0.961617,0.000000
970,saudavel,0,1,1,0.443456,2,foto_inteira,1.000000,1,0,0.989093,0,0.000000,0.978410,0.000000,0.000000,0.989093,0.000000,0.000000,0.882096,0.000000,0.000000,0.989093,0.000000
972,saudavel,0,1,1,0.550028,0,foto_inteira,1.000000,1,0,0.978802,0,0.000000,0.985881,0.000000,0.000000,0.978802,0.000000,0.000000,0.967654,0.000000,0.000000,0.978802,0.000000
973,saudavel,0,2,0,0.508157,1,deteccao,,2,0,0.983056,0,0.000000,0.964715,0.000000,0.000000,0.964715,0.000000,0.000000,0.929375,0.000000,0.000000,0.929375,0.000000
974,saudavel,0,1,0,0.560229,2,foto_inteira,1.000000,1,0,0.960188,0,0.000000,0.962992,0.000000,0.000000,0.960188,0.000000,0.000000,0.946229,0.000000,0.000000,0.960188,0.000000
975,saudavel,0,1,0,0.495432,0,foto_inteira,1.000000,1,0,0.993400,0,0.000000,0.975084,0.000000,0.000000,0.993400,0.000000,0.000000,0.927936,0.000000,0.000000,0.993400,0.000000
984,saudavel,0,1,0,0.539633,1,foto_inteira,1.000000,1,0,0.995943,0,0.000000,0.995483,0.000000,0.000000,0.995943,0.000000,0.000000,0.990836,0.000000,0.000000,0.995943,0.000000
999,saudavel,0,1,2,0.453830,0,foto_inteira,1.000000,1,0,0.874667,0,0.000000,0.884848,0.000000,0.000000,0.874667,0.000000,0.000000,0.848924,0.000000,0.000000,0.874667,0.000000
1003,bicho_mineiro,1,2,1,0.490950,0,deteccao,,2,2,0.941947,1,2.000000,0.963637,1.000000,2.000000,0.963637,1.000000,2.000000,0.960945,1.000000,2.000000,0.960945,1.000000
1010,bicho_mineiro,1,1,2,0.512951,0,foto_inteira,1.000000,1,2,0.958763,1,2.000000,0.959076,1.000000,2.000000,0.958763,1.000000,2.000000,0.931888,1.000000,2.000000,0.958763,1.000000
1012,bicho_mineiro,1,2,3,0.359905,0,deteccao,,2,2,0.992822,1,2.000000,0.926641,1.000000,2.000000,0.926641,1.000000,2.000000,0.426231,1.000000,2.000000,0.426231,1.000000
1015,bicho_mineiro,1,1,0,0.528383,1,foto_inteira,1.000000,1,2,0.926137,1,2.000000,0.966906,1.000000,2.000000,0.926137,1.000000,2.000000,0.955913,1.000000,2.000000,0.926137,1.000000
1024,bicho_mineiro,2,1,1,0.570373,0,foto_inteira,1.000000,1,2,0.944908,2,2.000000,0.961611,2.000000,2.000000,0.944908,2.000000,2.000000,0.918512,2.000000,2.000000,0.944908,2.000000
1028,bicho_mineiro,2,1,1,0.660429,0,foto_inteira,1.000000,1,2,0.993596,1,2.000000,0.994614,1.000000,2.000000,0.993596,1.000000,2.000000,0.990834,1.000000,2.000000,0.993596,1.000000
1033,bicho_mineiro,1,1,1,0.703212,0,foto_inteira,1.000000,1,2,0.641994,1,2.000000,0.551402,1.000000,2.000000,0.641994,1.000000,4.000000,0.580396,1.000000,2.000000,0.641994,1.000000
1042,bicho_mineiro,1,1,1,0.548427,0,foto_inteira,1.000000,1,2,0.880122,1,2.000000,0.852933,1.000000,2.000000,0.880122,1.000000,4.000000,0.503213,1.000000,2.000000,0.880122,1.000000
1052,ferrugem,1,1,2,0.293051,1,deteccao,,1,1,0.998744,1,1.000000,0.998644,2.000000,1.000000,0.998644,2.000000,1.000000,0.996759,1.000000,1.000000,0.996759,1.000000
1056,bicho_mineiro,1,1,2,0.487413,0,foto_inteira,1.000000,1,2,0.978247,1,2.000000,0.988157,1.000000,2.000000,0.978247,1.000000,2.000000,0.913164,1.000000,2.000000,0.978247,1.000000
1058,bicho_mineiro,1,1,0,0.557035,0,foto_inteira,1.000000,1,2,0.955959,1,2.000000,0.986504,1.000000,2.000000,0.955959,1.000000,2.000000,0.989434,1.000000,2.000000,0.955959,1.000000
1065,cercosporiose,1,1,5,0.290742,0,deteccao,,1,4,0.431867,1,4.000000,0.390236,1.000000,4.000000,0.390236,1.000000,4.000000,0.459289,1.000000,4.000000,0.459289,1.000000
1071,saudavel,0,1,0,0.445196,0,foto_inteira,1.000000,1,0,0.794612,0,0.000000,0.809475,0.000000,0.000000,0.794612,0.000000,0.000000,0.485339,0.000000,0.000000,0.794612,0.000000
1074,bicho_mineiro,1,1,1,0.585857,1,foto_inteira,1.000000,1,2,0.985765,1,2.000000,0.952874,1.000000,2.000000,0.985765,1.000000,2.000000,0.952920,1.000000,2.000000,0.985765,1.000000
1085,ferrugem,3,2,2,0.421898,0,deteccao,,2,1,0.953098,2,1.000000,0.951693,2.000000,1.000000,0.951693,2.000000,1.000000,0.861772,2.000000,1.000000,0.861772,2.000000
1086,bicho_mineiro,1,2,1,0.487967,0,deteccao,,2,2,0.992959,1,2.000000,0.981679,1.000000,2.000000,0.981679,1.000000,2.000000,0.974351,1.000000,2.000000,0.974351,1.000000
1093,saudavel,0,0,2,0.000000,1,foto_inteira,2.000000,1,0,0.885140,0,0.000000,0.885140,0.000000,0.000000,0.885140,0.000000,0.000000,0.885140,0.000000,0.000000,0.885140,0.000000
1122,ferrugem,1,1,4,0.451588,1,foto_inteira,1.000000,1,1,0.996885,1,1.000000,0.998760,1.000000,1.000000,0.996885,1.000000,1.000000,0.994369,1.000000,1.000000,0.996885,1.000000
1132,bicho_mineiro,1,1,0,0.450443,1,foto_inteira,1.000000,1,2,0.764374,1,2.000000,0.861231,1.000000,2.000000,0.764374,1.000000,2.000000,0.608734,1.000000,2.000000,0.764374,1.000000
1157,bicho_mineiro,2,1,2,0.470565,1,foto_inteira,1.000000,1,2,0.648027,2,2.000000,0.918595,2.000000,2.000000,0.648027,2.000000,2.000000,0.869642,2.000000,2.000000,0.648027,2.000000
1163,bicho_mineiro,1,1,3,0.712538,0,foto_inteira,1.000000,1,2,0.589637,1,2.000000,0.714761,1.000000,2.000000,0.589637,1.000000,2.000000,0.738069,1.000000,2.000000,0.589637,1.000000
1170,bicho_mineiro,1,1,3,0.453547,0,foto_inteira,1.000000,1,2,0.990379,1,2.000000,0.988651,1.000000,2.000000,0.990379,1.000000,2.000000,0.983757,1.000000,2.000000,0.990379,1.000000
1172,bicho_mineiro,1,1,0,0.523501,0,foto_inteira,1.000000,1,2,0.941151,1,2.000000,0.992259,1.000000,2.000000,0.941151,1.000000,2.000000,0.985445,1.000000,2.000000,0.941151,1.000000
1173,bicho_mineiro,2,1,3,0.554929,0,foto_inteira,1.000000,1,2,0.995763,1,2.000000,0.972604,1.000000,2.000000,0.995763,1.000000,2.000000,0.966030,1.000000,2.000000,0.995763,1.000000
1177,bicho_mineiro,1,1,2,0.627097,0,foto_inteira,1.000000,1,2,0.856218,1,4.000000,0.441699,1.000000,2.000000,0.856218,1.000000,4.000000,0.496855,1.000000,2.000000,0.856218,1.000000
1182,bicho_mineiro,1,1,1,0.409485,0,foto_inteira,1.000000,1,4,0.736398,1,4.000000,0.739780,1.000000,4.000000,0.736398,1.000000,4.000000,0.680541,1.000000,4.000000,0.736398,1.000000
1191,ferrugem,2,1,2,0.618694,0,foto_inteira,1.000000,1,1,0.444476,2,1.000000,0.445486,2.000000,1.000000,0.444476,2.000000,1.000000,0.467576,2.000000,1.000000,0.444476,2.000000
1197,bicho_mineiro,1,1,0,0.474239,1,foto_inteira,1.000000,1,2,0.992587,1,2.000000,0.987793,1.000000,2.000000,0.992587,1.000000,2.000000,0.976597,1.000000,2.000000,0.992587,1.000000
1201,saudavel,0,2,0,0.549721,1,deteccao,,2,0,0.959616,0,0.000000,0.912458,0.000000,0.000000,0.912458,0.000000,0.000000,0.957043,0.000000,0.000000,0.957043,0.000000
1203,bicho_mineiro,1,1,1,0.680713,1,foto_inteira,1.000000,1,2,0.966933,1,2.000000,0.903226,1.000000,2.000000,0.966933,1.000000,2.000000,0.858631,1.000000,2.000000,0.966933,1.000000
1210,bicho_mineiro,3,1,0,0.582415,1,foto_inteira,1.000000,1,2,0.361153,2,2.000000,0.393833,2.000000,2.000000,0.361153,2.000000,2.000000,0.361725,2.000000,2.000000,0.361153,2.000000
1212,bicho_mineiro,1,1,1,0.549839,0,foto_inteira,1.000000,1,2,0.998018,1,2.000000,0.996318,1.000000,2.000000,0.998018,1.000000,2.000000,0.994656,1.000000,2.000000,0.998018,1.000000
1213,bicho_mineiro,1,1,1,0.492260,0,foto_inteira,1.000000,1,2,0.929755,1,2.000000,0.934651,1.000000,2.000000,0.929755,1.000000,2.000000,0.881106,1.000000,2.000000,0.929755,1.000000
1215,cercosporiose,1,1,2,0.496266,1,foto_inteira,1.000000,1,2,0.609565,1,2.000000,0.500915,1.000000,2.000000,0.609565,1.000000,2.000000,0.500266,1.000000,2.000000,0.609565,1.000000
1233,ferrugem,1,1,4,0.574027,0,foto_inteira,1.000000,1,1,0.978574,1,1.000000,0.948569,1.000000,1.000000,0.978574,1.000000,1.000000,0.970454,1.000000,1.000000,0.978574,1.000000
1234,ferrugem,1,0,5,0.000000,0,foto_inteira,2.000000,1,1,0.990646,1,1.000000,0.990646,1.000000,1.000000,0.990646,1.000000,1.000000,0.990646,1.000000,1.000000,0.990646,1.000000
1235,ferrugem,1,0,1,0.000000,1,foto_inteira,2.000000,1,1,0.996116,1,1.000000,0.996116,1.000000,1.000000,0.996116,1.000000,1.000000,0.996116,1.000000,1.000000,0.996116,1.000000
1236,ferrugem,3,1,2,0.679306,3,foto_inteira,1.000000,1,1,0.775046,2,1.000000,0.807497,2.000000,1.000000,0.775046,2.000000,1.000000,0.854270,2.000000,1.000000,0.775046,2.000000
1258,ferrugem,2,1,2,0.282475,3,deteccao,,1,1,0.942485,2,1.000000,0.907014,2.000000,1.000000,0.907014,2.000000,1.000000,0.812918,1.000000,1.000000,0.812918,1.000000
1268,ferrugem,2,1,1,0.519921,1,foto_inteira,1.000000,1,1,0.981701,2,1.000000,0.986265,2.000000,1.000000,0.981701,2.000000,1.000000,0.978036,2.000000,1.000000,0.981701,2.000000
1276,ferrugem,4,2,3,0.635612,0,deteccao,,2,1,0.583912,2,1.000000,0.763272,2.000000,1.000000,0.763272,2.000000,1.000000,0.677149,2.000000,1.000000,0.677149,2.000000
1277,ferrugem,4,2,3,0.629041,1,deteccao,,2,1,0.932400,2,1.000000,0.923892,2.000000,1.000000,0.923892,2.000000,1.000000,0.940630,2.000000,1.000000,0.940630,2.000000
1289,ferrugem,1,1,3,0.732295,0,foto_inteira,1.000000,1,1,0.989183,1,1.000000,0.985747,1.000000,1.000000,0.989183,1.000000,1.000000,0.992077,1.000000,1.000000,0.989183,1.000000
1293,ferrugem,2,1,3,0.244898,1,deteccao,,1,1,0.868431,2,1.000000,0.921699,2.000000,1.000000,0.921699,2.000000,1.000000,0.967674,1.000000,1.000000,0.967674,1.000000
1299,ferrugem,1,1,3,0.359370,0,foto_inteira,1.000000,1,1,0.993478,2,1.000000,0.996390,1.000000,1.000000,0.993478,2.000000,1.000000,0.955854,1.000000,1.000000,0.993478,2.000000
1307,ferrugem,1,2,3,0.558663,3,deteccao,,2,1,0.984721,1,1.000000,0.972050,1.000000,1.000000,0.972050,1.000000,1.000000,0.978561,1.000000,1.000000,0.978561,1.000000
1319,ferrugem,1,1,3,0.346415,2,foto_inteira,1.000000,1,1,0.982772,1,1.000000,0.976499,1.000000,1.000000,0.982772,1.000000,0.000000,0.507467,0.000000,1.000000,0.982772,1.000000
1320,ferrugem,4,1,0,0.408481,0,foto_inteira,1.000000,1,1,0.726744,2,1.000000,0.760514,2.000000,1.000000,0.726744,2.000000,1.000000,0.821548,2.000000,1.000000,0.726744,2.000000
1322,bicho_mineiro,3,3,4,0.657937,1,deteccao,,3,2,0.416024,2,2.000000,0.634806,2.000000,2.000000,0.634806,2.000000,2.000000,0.676044,2.000000,2.000000,0.676044,2.000000
1324,bicho_mineiro,1,1,5,0.289683,1,deteccao,,1,2,0.975986,1,2.000000,0.961729,1.000000,2.000000,0.961729,1.000000,2.000000,0.359073,1.000000,2.000000,0.359073,1.000000
1326,ferrugem,4,2,4,0.532022,0,deteccao,,2,1,0.683355,2,1.000000,0.714099,2.000000,1.000000,0.714099,2.000000,1.000000,0.759015,2.000000,1.000000,0.759015,2.000000
1338,ferrugem,1,2,2,0.719130,2,deteccao,,2,1,0.989061,1,1.000000,0.991771,1.000000,1.000000,0.991771,1.000000,1.000000,0.994327,1.000000,1.000000,0.994327,1.000000
1345,ferrugem,1,1,3,0.653044,0,foto_inteira,1.000000,1,1,0.985982,1,1.000000,0.979928,1.000000,1.000000,0.985982,1.000000,1.000000,0.977620,1.000000,1.000000,0.985982,1.000000
1347,ferrugem,1,3,1,0.520691,2,deteccao,,3,1,0.993685,1,1.000000,0.984794,1.000000,1.000000,0.984794,1.000000,1.000000,0.988996,1.000000,1.000000,0.988996,1.000000
1350,ferrugem,1,1,4,0.436434,3,foto_inteira,1.000000,1,1,0.999228,1,1.000000,0.999470,1.000000,1.000000,0.999228,1.000000,1.000000,0.998048,1.000000,1.000000,0.999228,1.000000
1354,ferrugem,1,1,4,0.289121,3,deteccao,,1,1,0.997361,1,1.000000,0.998122,1.000000,1.000000,0.998122,1.000000,1.000000,0.444131,1.000000,1.000000,0.444131,1.000000
1378,ferrugem,1,1,3,0.634648,1,foto_inteira,1.000000,1,1,0.914892,1,1.000000,0.943673,1.000000,1.000000,0.914892,1.000000,1.000000,0.948148,1.000000,1.000000,0.914892,1.000000
1385,ferrugem,1,1,2,0.306707,3,foto_inteira,1.000000,1,1,0.739598,1,1.000000,0.713433,1.000000,1.000000,0.739598,1.000000,4.000000,0.480704,1.000000,1.000000,0.739598,1.000000
1388,ferrugem,3,1,2,0.507174,1,foto_inteira,1.000000,1,1,0.890110,2,1.000000,0.914642,2.000000,1.000000,0.890110,2.000000,1.000000,0.932490,2.000000,1.000000,0.890110,2.000000
1395,ferrugem,2,1,2,0.353523,0,foto_inteira,1.000000,1,1,0.878483,2,1.000000,0.890878,2.000000,1.000000,0.878483,2.000000,1.000000,0.903436,2.000000,1.000000,0.878483,2.000000
1398,ferrugem,2,2,4,0.519615,1,deteccao,,2,1,0.987940,2,1.000000,0.986974,2.000000,1.000000,0.986974,2.000000,1.000000,0.983290,2.000000,1.000000,0.983290,2.000000
1408,ferrugem,1,2,4,0.283903,3,deteccao,,2,1,0.811051,1,1.000000,0.718050,1.000000,1.000000,0.718050,1.000000,4.000000,0.430408,1.000000,4.000000,0.430408,1.000000
1410,cercosporiose,1,2,2,0.526713,1,deteccao,,2,2,0.566691,1,4.000000,0.665249,1.000000,4.000000,0.665249,1.000000,4.000000,0.536653,1.000000,4.000000,0.536653,1.000000
1411,ferrugem,1,1,3,0.195074,0,deteccao,,1,1,0.969112,1,1.000000,0.973503,1.000000,1.000000,0.973503,1.000000,1.000000,0.822085,1.000000,1.000000,0.822085,1.000000
1417,cercosporiose,1,3,1,0.542882,0,deteccao,,3,4,0.949793,1,4.000000,0.924696,1.000000,4.000000,0.924696,1.000000,4.000000,0.948178,1.000000,4.000000,0.948178,1.000000
1427,ferrugem,1,3,4,0.473151,0,deteccao,,3,1,0.776851,1,1.000000,0.989627,1.000000,1.000000,0.989627,1.000000,1.000000,0.939803,1.000000,1.000000,0.939803,1.000000
1435,bicho_mineiro,1,3,5,0.663881,1,deteccao,,3,2,0.840714,1,1.000000,0.570056,1.000000,1.000000,0.570056,1.000000,2.000000,0.714670,1.000000,2.000000,0.714670,1.000000
1438,cercosporiose,1,1,5,0.300267,1,foto_inteira,1.000000,1,4,0.427883,1,2.000000,0.573198,1.000000,4.000000,0.427883,1.000000,0.000000,0.385551,1.000000,4.000000,0.427883,1.000000
1474,ferrugem,2,1,1,0.633682,1,foto_inteira,1.000000,1,1,0.997610,1,1.000000,0.995341,1.000000,1.000000,0.997610,1.000000,1.000000,0.994189,2.000000,1.000000,0.997610,1.000000
1480,bicho_mineiro,1,1,2,0.431485,1,foto_inteira,1.000000,1,2,0.683011,1,2.000000,0.646687,1.000000,2.000000,0.683011,1.000000,4.000000,0.549713,1.000000,2.000000,0.683011,1.000000
1488,ferrugem,1,1,0,0.659087,2,foto_inteira,1.000000,1,4,0.927660,1,4.000000,0.922254,1.000000,4.000000,0.927660,1.000000,4.000000,0.934440,1.000000,4.000000,0.927660,1.000000
1500,ferrugem,1,1,2,0.494971,2,foto_inteira,1.000000,1,1,0.916541,1,1.000000,0.829151,1.000000,1.000000,0.916541,1.000000,1.000000,0.870302,1.000000,1.000000,0.916541,1.000000
1507,ferrugem,1,1,2,0.600705,2,foto_inteira,1.000000,1,1,0.884946,1,1.000000,0.972481,1.000000,1.000000,0.884946,1.000000,1.000000,0.848369,1.000000,1.000000,0.884946,1.000000
1518,ferrugem,1,1,1,0.652834,1,foto_inteira,1.000000,1,1,0.998072,1,1.000000,0.992447,1.000000,1.000000,0.998072,1.000000,1.000000,0.988830,1.000000,1.000000,0.998072,1.000000
1535,ferrugem,1,1,2,0.481876,0,foto_inteira,1.000000,1,1,0.991649,1,1.000000,0.994250,1.000000,1.000000,0.991649,1.000000,1.000000,0.995253,1.000000,1.000000,0.991649,1.000000
1536,ferrugem,1,1,1,0.634898,3,foto_inteira,1.000000,1,1,0.605383,1,1.000000,0.524308,1.000000,1.000000,0.605383,1.000000,1.000000,0.583284,1.000000,1.000000,0.605383,1.000000
1555,cercosporiose,1,2,2,0.602954,0,deteccao,,2,4,0.818881,1,4.000000,0.832717,1.000000,4.000000,0.832717,1.000000,4.000000,0.633082,1.000000,4.000000,0.633082,1.000000
1562,bicho_mineiro,1,0,1,0.000000,2,foto_inteira,2.000000,1,2,0.933711,1,2.000000,0.933711,1.000000,2.000000,0.933711,1.000000,2.000000,0.933711,1.000000,2.000000,0.933711,1.000000
1563,ferrugem,1,1,2,0.451301,0,foto_inteira,1.000000,1,1,0.994234,1,1.000000,0.994920,1.000000,1.000000,0.994234,1.000000,1.000000,0.991246,1.000000,1.000000,0.994234,1.000000
1564,ferrugem,2,1,2,0.606492,2,foto_inteira,1.000000,1,1,0.970436,2,1.000000,0.957194,2.000000,1.000000,0.970436,2.000000,1.000000,0.944862,2.000000,1.000000,0.970436,2.000000
1570,ferrugem,1,1,1,0.718156,2,foto_inteira,1.000000,1,1,0.962798,1,1.000000,0.968301,1.000000,1.000000,0.962798,1.000000,1.000000,0.935925,1.000000,1.000000,0.962798,1.000000
1583,ferrugem,1,1,1,0.598578,2,foto_inteira,1.000000,1,4,0.631178,1,4.000000,0.716601,1.000000,4.000000,0.631178,1.000000,4.000000,0.627090,1.000000,4.000000,0.631178,1.000000
1589,cercosporiose,1,1,2,0.489639,0,foto_inteira,1.000000,1,4,0.637116,1,4.000000,0.590645,1.000000,4.000000,0.637116,1.000000,4.000000,0.428083,1.000000,4.000000,0.637116,1.000000
1591,cercosporiose,1,2,0,0.446621,0,deteccao,,2,4,0.992823,1,4.000000,0.997999,1.000000,4.000000,0.997999,1.000000,4.000000,0.997908,1.000000,4.000000,0.997908,1.000000
1594,ferrugem,1,2,1,0.595704,1,deteccao,,2,1,0.794185,1,1.000000,0.920876,1.000000,1.000000,0.920876,1.000000,1.000000,0.817199,1.000000,1.000000,0.817199,1.000000
1597,ferrugem,1,1,4,0.433723,0,foto_inteira,1.000000,1,1,0.987856,1,1.000000,0.988995,1.000000,1.000000,0.987856,1.000000,1.000000,0.984935,1.000000,1.000000,0.987856,1.000000
1605,ferrugem,2,1,0,0.545142,2,foto_inteira,1.000000,1,1,0.581886,1,4.000000,0.576857,1.000000,1.000000,0.581886,1.000000,4.000000,0.538409,2.000000,1.000000,0.581886,1.000000
1612,ferrugem,1,1,2,0.480112,0,foto_inteira,1.000000,1,1,0.992953,1,1.000000,0.995160,1.000000,1.000000,0.992953,1.000000,1.000000,0.992563,1.000000,1.000000,0.992953,1.000000
1642,cercosporiose,3,1,3,0.507549,1,foto_inteira,1.000000,1,1,0.712525,2,1.000000,0.647805,2.000000,1.000000,0.712525,2.000000,1.000000,0.715991,2.000000,1.000000,0.712525,2.000000
1651,ferrugem,1,1,2,0.405664,1,foto_inteira,1.000000,1,1,0.552169,1,1.000000,0.606307,1.000000,1.000000,0.552169,1.000000,1.000000,0.632000,1.000000,1.000000,0.552169,1.000000
1652,ferrugem,1,1,3,0.416267,2,foto_inteira,1.000000,1,1,0.963027,1,1.000000,0.982158,1.000000,1.000000,0.963027,1.000000,1.000000,0.958994,1.000000,1.000000,0.963027,1.000000
1658,cercosporiose,1,2,4,0.433464,0,deteccao,,2,1,0.601682,1,4.000000,0.886191,1.000000,4.000000,0.886191,1.000000,4.000000,0.645389,1.000000,4.000000,0.645389,1.000000
1662,ferrugem,2,1,2,0.471519,1,foto_inteira,1.000000,1,1,0.992907,1,1.000000,0.994451,1.000000,1.000000,0.992907,1.000000,1.000000,0.991825,1.000000,1.000000,0.992907,1.000000
1668,ferrugem,1,1,0,0.511899,1,foto_inteira,1.000000,1,1,0.975467,1,1.000000,0.965899,1.000000,1.000000,0.975467,1.000000,1.000000,0.966653,2.000000,1.000000,0.975467,1.000000
1673,cercosporiose,1,1,3,0.411041,0,foto_inteira,1.000000,1,4,0.406544,1,4.000000,0.395755,1.000000,4.000000,0.406544,1.000000,4.000000,0.410679,1.000000,4.000000,0.406544,1.000000
1675,cercosporiose,1,1,3,0.576574,0,foto_inteira,1.000000,1,4,0.905874,1,4.000000,0.801096,1.000000,4.000000,0.905874,1.000000,4.000000,0.769686,1.000000,4.000000,0.905874,1.000000
1677,cercosporiose,1,1,2,0.327194,0,foto_inteira,1.000000,1,4,0.861031,1,4.000000,0.822139,1.000000,4.000000,0.861031,1.000000,4.000000,0.685981,1.000000,4.000000,0.861031,1.000000
1681,ferrugem,2,1,1,0.396574,0,foto_inteira,1.000000,1,1,0.981603,1,1.000000,0.922890,1.000000,1.000000,0.981603,1.000000,1.000000,0.904735,1.000000,1.000000,0.981603,1.000000
1688,ferrugem,2,1,0,0.569190,0,foto_inteira,1.000000,1,1,0.987344,1,1.000000,0.980253,2.000000,1.000000,0.987344,1.000000,1.000000,0.980472,1.000000,1.000000,0.987344,1.000000
1710,ferrugem,2,1,1,0.579019,1,foto_inteira,1.000000,1,1,0.911587,2,1.000000,0.897716,1.000000,1.000000,0.911587,2.000000,1.000000,0.907787,1.000000,1.000000,0.911587,2.000000
1711,cercosporiose,1,2,2,0.553111,2,deteccao,,2,4,0.812522,1,4.000000,0.834098,1.000000,4.000000,0.834098,1.000000,4.000000,0.948076,1.000000,4.000000,0.948076,1.000000
1725,cercosporiose,1,1,2,0.407174,0,foto_inteira,1.000000,1,4,0.937513,1,4.000000,0.966890,1.000000,4.000000,0.937513,1.000000,4.000000,0.526211,1.000000,4.000000,0.937513,1.000000
1726,ferrugem,1,1,1,0.499481,2,foto_inteira,1.000000,1,1,0.529240,1,4.000000,0.474440,1.000000,1.000000,0.529240,1.000000,4.000000,0.449605,1.000000,1.000000,0.529240,1.000000
1727,cercosporiose,2,1,0,0.423089,0,foto_inteira,1.000000,1,4,0.962544,1,4.000000,0.791059,1.000000,4.000000,0.962544,1.000000,4.000000,0.774750,1.000000,4.000000,0.962544,1.000000
1736,phoma,1,1,1,0.449667,1,foto_inteira,1.000000,1,4,0.871133,1,4.000000,0.932891,1.000000,4.000000,0.871133,1.000000,4.000000,0.893552,1.000000,4.000000,0.871133,1.000000
