foto,plano,regra,folhas,deteccoes,abaixo_do_limiar,cortadas_por_area,cortadas_por_cor,cortadas_por_limite
20190831_163138,deteccao,,9,9,3,0,0,0
20190831_163335,deteccao,,3,3,1,0,0,0
20190831_163458,deteccao,,8,8,4,0,0,0
20190831_163511,deteccao,,5,5,0,0,0,0
20190831_163627,deteccao,,8,8,1,0,0,0
20190831_163736,deteccao,,5,5,4,0,0,0
20190831_163906,deteccao,,7,7,0,0,0,0
20190831_164144,deteccao,,8,8,2,0,0,0
20190831_164159,deteccao,,7,7,1,0,0,0
20190831_164207,deteccao,,9,9,2,0,0,0
20190831_164341,deteccao,,7,7,1,0,0,0
20190831_164415,deteccao,,3,3,2,0,0,0
20190831_164431,deteccao,,6,6,3,0,0,0
20190831_164541,deteccao,,6,6,0,0,0,0
20190831_164556,deteccao,,13,13,1,0,0,0
20190831_165255,deteccao,,9,9,1,0,0,0
20190831_165300,deteccao,,8,8,2,0,0,0
20190831_165310,deteccao,,5,5,0,0,0,0
20190831_165315,deteccao,,9,9,2,0,0,0
20190831_165333,deteccao,,4,4,1,0,0,0
20190831_165340,deteccao,,7,7,0,0,0,0
20190831_165349,deteccao,,4,4,1,0,0,0
20191208_141947,deteccao,,8,8,1,0,0,0
20191208_142146,deteccao,,7,8,2,1,0,0
20191208_142156,deteccao,,6,6,0,0,0,0
20191208_142420,deteccao,,10,11,3,0,1,0
20191208_142425,deteccao,,4,4,3,0,0,0
20191208_142429,deteccao,,6,6,1,0,0,0
20191208_142439,deteccao,,8,8,3,0,0,0
20191208_142532,deteccao,,12,12,6,0,0,0
20191208_142536,deteccao,,13,13,4,0,0,0
20191208_142539,deteccao,,9,9,2,0,0,0
20191208_142551,deteccao,,6,6,0,0,0,0
20191208_142829,deteccao,,7,7,2,0,0,0
20191208_142846,deteccao,,6,6,3,0,0,0
20191208_142940,deteccao,,5,5,0,0,0,0
20191208_142948,deteccao,,3,3,4,0,0,0
20191208_142955,deteccao,,11,11,4,0,0,0
20191208_143001,deteccao,,5,5,2,0,0,0
20191208_143010,deteccao,,3,3,1,0,0,0
20191208_143015,deteccao,,6,6,1,0,0,0
20191208_143600,deteccao,,6,6,6,0,0,0
20191208_143712,deteccao,,4,5,0,0,1,0
20191208_143715,deteccao,,5,5,2,0,0,0
20191208_143723,deteccao,,12,12,2,0,0,0
20191208_143728,deteccao,,6,6,2,0,0,0
