foto,folha,plano,score,area,borda,classe_A,confianca_A,severidade_A,classe_B,confianca_B,severidade_B
20190831_163138,1,deteccao,0.930675,0.041222,False,phoma,0.315262,muito_baixa,saudavel,0.412963,saudavel
20190831_163138,2,deteccao,0.927145,0.042358,True,bicho_mineiro,0.411194,muito_baixa,bicho_mineiro,0.354340,muito_baixa
20190831_163138,3,deteccao,0.926306,0.034305,True,ferrugem,0.288800,baixa,bicho_mineiro,0.268614,muito_baixa
20190831_163138,4,deteccao,0.917145,0.037669,True,bicho_mineiro,0.402306,baixa,ferrugem,0.275287,muito_baixa
20190831_163138,5,deteccao,0.907354,0.015618,True,ferrugem,0.714580,baixa,saudavel,0.473415,saudavel
20190831_163138,6,deteccao,0.871822,0.034767,False,ferrugem,0.573107,baixa,phoma,0.275267,muito_baixa
20190831_163138,7,deteccao,0.850107,0.049155,True,ferrugem,0.367949,muito_baixa,bicho_mineiro,0.325465,muito_baixa
20190831_163138,8,deteccao,0.811506,0.031004,False,bicho_mineiro,0.348963,baixa,ferrugem,0.425098,baixa
20190831_163138,9,deteccao,0.563450,0.012381,True,ferrugem,0.348561,baixa,saudavel,0.264538,saudavel
20190831_163335,1,deteccao,0.951391,0.254603,True,ferrugem,0.404004,baixa,phoma,0.389183,baixa
20190831_163335,2,deteccao,0.950675,0.176444,True,phoma,0.526511,muito_baixa,phoma,0.347560,muito_baixa
20190831_163335,3,deteccao,0.914664,0.060579,True,bicho_mineiro,0.367575,muito_baixa,bicho_mineiro,0.270000,muito_baixa
20190831_163458,1,deteccao,0.941966,0.091833,True,ferrugem,0.352641,muito_baixa,bicho_mineiro,0.364599,muito_baixa
20190831_163458,2,deteccao,0.940968,0.082485,True,bicho_mineiro,0.793225,muito_baixa,bicho_mineiro,0.829606,muito_baixa
20190831_163458,3,deteccao,0.929553,0.071790,False,ferrugem,0.370965,baixa,bicho_mineiro,0.357328,muito_baixa
20190831_163458,4,deteccao,0.928611,0.067492,False,ferrugem,0.355032,baixa,bicho_mineiro,0.352261,muito_baixa
20190831_163458,5,deteccao,0.898409,0.053530,True,ferrugem,0.369411,baixa,bicho_mineiro,0.328819,muito_baixa
20190831_163458,6,deteccao,0.741802,0.079079,False,bicho_mineiro,0.308338,muito_baixa,bicho_mineiro,0.362007,muito_baixa
20190831_163458,7,deteccao,0.681897,0.080968,True,bicho_mineiro,0.347349,baixa,saudavel,0.253063,saudavel
20190831_163458,8,deteccao,0.444231,0.067321,True,bicho_mineiro,0.339841,baixa,ferrugem,0.490697,baixa
20190831_163511,1,deteccao,0.932859,0.131196,True,phoma,0.376880,baixa,phoma,0.539877,muito_baixa
20190831_163511,2,deteccao,0.928883,0.242876,True,ferrugem,0.615058,baixa,bicho_mineiro,0.487061,muito_baixa
20190831_163511,3,deteccao,0.915584,0.024399,True,ferrugem,0.890474,muito_baixa,ferrugem,0.840976,muito_baixa
20190831_163511,4,deteccao,0.912705,0.054455,True,ferrugem,0.523845,baixa,ferrugem,0.558568,baixa
20190831_163511,5,deteccao,0.440697,0.040238,True,ferrugem,0.904562,baixa,ferrugem,0.970973,muito_baixa
20190831_163627,1,deteccao,0.948174,0.186356,True,bicho_mineiro,0.429386,baixa,bicho_mineiro,0.494403,baixa
20190831_163627,2,deteccao,0.927481,0.077345,False,ferrugem,0.813350,baixa,ferrugem,0.929367,muito_baixa
20190831_163627,3,deteccao,0.922755,0.061551,True,bicho_mineiro,0.765906,baixa,bicho_mineiro,0.384858,muito_baixa
20190831_163627,4,deteccao,0.907102,0.072386,False,ferrugem,0.429277,baixa,ferrugem,0.521713,muito_baixa
20190831_163627,5,deteccao,0.900713,0.061932,False,ferrugem,0.947813,baixa,cercosporiose,0.530944,muito_baixa
20190831_163627,6,deteccao,0.851375,0.060993,True,bicho_mineiro,0.600539,baixa,bicho_mineiro,0.682933,baixa
20190831_163627,7,deteccao,0.849860,0.061595,True,ferrugem,0.449377,muito_baixa,bicho_mineiro,0.363623,muito_baixa
20190831_163627,8,deteccao,0.709260,0.037840,True,ferrugem,0.767045,muito_baixa,ferrugem,0.580059,muito_baixa
20190831_163736,1,deteccao,0.951717,0.205430,True,ferrugem,0.354044,muito_baixa,cercosporiose,0.296290,muito_baixa
20190831_163736,2,deteccao,0.927640,0.070527,True,phoma,0.300565,baixa,ferrugem,0.259722,muito_baixa
20190831_163736,3,deteccao,0.914863,0.082399,True,phoma,0.266138,muito_baixa,bicho_mineiro,0.252916,muito_baixa
20190831_163736,4,deteccao,0.883670,0.126826,True,bicho_mineiro,0.316654,baixa,phoma,0.283694,muito_baixa
20190831_163736,5,deteccao,0.881416,0.045348,True,ferrugem,0.270037,muito_baixa,bicho_mineiro,0.236522,muito_baixa
20190831_163906,1,deteccao,0.932619,0.086191,False,ferrugem,0.505422,baixa,bicho_mineiro,0.292429,muito_baixa
20190831_163906,2,deteccao,0.930505,0.068927,True,bicho_mineiro,0.445756,baixa,ferrugem,0.247063,muito_baixa
20190831_163906,3,deteccao,0.927307,0.102386,True,ferrugem,0.422508,baixa,bicho_mineiro,0.267240,muito_baixa
20190831_163906,4,deteccao,0.921541,0.063867,True,ferrugem,0.380936,baixa,bicho_mineiro,0.358752,muito_baixa
20190831_163906,5,deteccao,0.841890,0.054769,False,ferrugem,0.432749,baixa,ferrugem,0.302363,baixa
20190831_163906,6,deteccao,0.833962,0.045765,True,ferrugem,0.293411,baixa,ferrugem,0.366466,muito_baixa
20190831_163906,7,deteccao,0.535195,0.022075,True,ferrugem,0.749359,muito_baixa,saudavel,0.252889,saudavel
20190831_164144,1,deteccao,0.941787,0.119206,False,ferrugem,0.385690,baixa,phoma,0.407576,muito_baixa
20190831_164144,2,deteccao,0.925587,0.117233,False,ferrugem,0.809282,baixa,ferrugem,0.602261,muito_baixa
20190831_164144,3,deteccao,0.922621,0.044258,False,ferrugem,0.632324,baixa,ferrugem,0.351421,baixa
20190831_164144,4,deteccao,0.834395,0.040741,False,ferrugem,0.683241,baixa,ferrugem,0.349187,baixa
20190831_164144,5,deteccao,0.810728,0.018120,True,ferrugem,0.854327,baixa,ferrugem,0.843538,baixa
20190831_164144,6,deteccao,0.706719,0.037821,False,ferrugem,0.619941,baixa,ferrugem,0.323537,baixa
20190831_164144,7,deteccao,0.505063,0.008975,True,ferrugem,0.878806,baixa,phoma,0.236442,muito_baixa
20190831_164144,8,deteccao,0.379567,0.034313,True,ferrugem,0.816202,muito_baixa,bicho_mineiro,0.286309,muito_baixa
20190831_164159,1,deteccao,0.936507,0.057625,True,ferrugem,0.712311,baixa,bicho_mineiro,0.280939,muito_baixa
20190831_164159,2,deteccao,0.914554,0.172399,True,ferrugem,0.974463,baixa,ferrugem,0.841058,muito_baixa
20190831_164159,3,deteccao,0.910296,0.236180,True,ferrugem,0.748674,baixa,ferrugem,0.807138,muito_baixa
20190831_164159,4,deteccao,0.858556,0.123644,False,ferrugem,0.974977,baixa,ferrugem,0.864228,muito_baixa
20190831_164159,5,deteccao,0.595477,0.050465,True,ferrugem,0.877485,baixa,ferrugem,0.244095,muito_baixa
20190831_164159,6,deteccao,0.513973,0.048805,True,ferrugem,0.699222,baixa,bicho_mineiro,0.284846,muito_baixa
20190831_164159,7,deteccao,0.438740,0.035158,True,ferrugem,0.947787,baixa,ferrugem,0.837927,muito_baixa
20190831_164207,1,deteccao,0.947701,0.109827,True,ferrugem,0.839527,baixa,ferrugem,0.799950,muito_baixa
20190831_164207,2,deteccao,0.942445,0.099279,True,ferrugem,0.828768,baixa,ferrugem,0.948311,baixa
20190831_164207,3,deteccao,0.940559,0.130374,False,ferrugem,0.933736,baixa,ferrugem,0.821109,baixa
20190831_164207,4,deteccao,0.921433,0.087695,True,ferrugem,0.687163,baixa,ferrugem,0.268248,muito_baixa
20190831_164207,5,deteccao,0.905899,0.030239,True,ferrugem,0.595787,baixa,ferrugem,0.426769,muito_baixa
20190831_164207,6,deteccao,0.900782,0.022118,True,ferrugem,0.650955,baixa,phoma,0.381742,baixa
20190831_164207,7,deteccao,0.847912,0.075814,True,ferrugem,0.847843,baixa,ferrugem,0.547679,baixa
20190831_164207,8,deteccao,0.709456,0.030091,True,ferrugem,0.314874,baixa,bicho_mineiro,0.288358,muito_baixa
20190831_164207,9,deteccao,0.498268,0.006655,True,ferrugem,0.368980,baixa,saudavel,0.284821,saudavel
20190831_164341,1,deteccao,0.928437,0.111774,False,ferrugem,0.578947,baixa,ferrugem,0.294620,muito_baixa
20190831_164341,2,deteccao,0.920734,0.033781,True,ferrugem,0.363194,muito_baixa,ferrugem,0.231309,muito_baixa
20190831_164341,3,deteccao,0.915559,0.060249,False,ferrugem,0.388115,muito_baixa,ferrugem,0.315179,muito_baixa
20190831_164341,4,deteccao,0.899083,0.056968,False,ferrugem,0.599435,baixa,ferrugem,0.258001,muito_baixa
20190831_164341,5,deteccao,0.854720,0.056522,False,ferrugem,0.483924,baixa,ferrugem,0.453900,baixa
20190831_164341,6,deteccao,0.730509,0.016405,True,ferrugem,0.737346,baixa,ferrugem,0.881177,baixa
20190831_164341,7,deteccao,0.620641,0.032603,True,ferrugem,0.485477,baixa,bicho_mineiro,0.268935,muito_baixa
20190831_164415,1,deteccao,0.953441,0.167896,False,ferrugem,0.607505,baixa,ferrugem,0.693201,baixa
20190831_164415,2,deteccao,0.937042,0.146668,False,ferrugem,0.708421,baixa,ferrugem,0.642995,baixa
20190831_164415,3,deteccao,0.401542,0.036761,True,ferrugem,0.870163,baixa,ferrugem,0.365799,baixa
20190831_164431,1,deteccao,0.939822,0.087788,True,ferrugem,0.787152,baixa,ferrugem,0.727905,muito_baixa
20190831_164431,2,deteccao,0.938063,0.063843,True,ferrugem,0.579007,baixa,ferrugem,0.253663,baixa
20190831_164431,3,deteccao,0.936140,0.140317,False,ferrugem,0.550007,baixa,ferrugem,0.607751,baixa
20190831_164431,4,deteccao,0.931982,0.081475,True,ferrugem,0.562613,baixa,phoma,0.338235,baixa
20190831_164431,5,deteccao,0.907517,0.042135,False,ferrugem,0.711964,baixa,ferrugem,0.820824,baixa
20190831_164431,6,deteccao,0.906708,0.040465,True,ferrugem,0.604924,baixa,ferrugem,0.779270,baixa
20190831_164541,1,deteccao,0.941204,0.075225,True,phoma,0.306824,baixa,bicho_mineiro,0.410596,muito_baixa
20190831_164541,2,deteccao,0.926915,0.124032,True,phoma,0.325777,baixa,bicho_mineiro,0.257165,muito_baixa
20190831_164541,3,deteccao,0.918964,0.066297,True,phoma,0.281492,baixa,bicho_mineiro,0.345579,muito_baixa
20190831_164541,4,deteccao,0.913944,0.036147,True,phoma,0.299953,baixa,bicho_mineiro,0.335566,muito_baixa
20190831_164541,5,deteccao,0.904935,0.089674,True,ferrugem,0.353474,baixa,saudavel,0.362529,saudavel
20190831_164541,6,deteccao,0.426417,0.030679,True,ferrugem,0.317910,baixa,phoma,0.361813,muito_baixa
20190831_164556,1,deteccao,0.937544,0.094915,False,phoma,0.429914,baixa,phoma,0.258247,muito_baixa
20190831_164556,2,deteccao,0.936403,0.030928,True,ferrugem,0.346236,baixa,ferrugem,0.286764,baixa
20190831_164556,3,deteccao,0.925234,0.098180,False,phoma,0.342293,baixa,ferrugem,0.301091,muito_baixa
20190831_164556,4,deteccao,0.921222,0.047559,True,phoma,0.393049,baixa,saudavel,0.306452,saudavel
20190831_164556,5,deteccao,0.916090,0.065311,True,ferrugem,0.274218,baixa,ferrugem,0.255466,muito_baixa
20190831_164556,6,deteccao,0.914306,0.065301,True,ferrugem,0.354938,baixa,bicho_mineiro,0.240865,muito_baixa
20190831_164556,7,deteccao,0.880768,0.068870,False,ferrugem,0.937213,muito_baixa,bicho_mineiro,0.290445,muito_baixa
20190831_164556,8,deteccao,0.837340,0.053564,True,ferrugem,0.555683,baixa,ferrugem,0.679810,baixa
20190831_164556,9,deteccao,0.801280,0.016291,True,ferrugem,0.393368,muito_baixa,saudavel,0.283600,saudavel
20190831_164556,10,deteccao,0.781798,0.040044,True,ferrugem,0.896742,baixa,ferrugem,0.287147,muito_baixa
20190831_164556,11,deteccao,0.726127,0.008550,True,ferrugem,0.260564,baixa,phoma,0.267219,muito_baixa
20190831_164556,12,deteccao,0.507646,0.032280,True,ferrugem,0.439965,baixa,ferrugem,0.392423,muito_baixa
20190831_164556,13,deteccao,0.474569,0.028442,True,ferrugem,0.728667,baixa,bicho_mineiro,0.331477,muito_baixa
20190831_165255,1,deteccao,0.946186,0.061919,False,ferrugem,0.359755,baixa,ferrugem,0.312019,baixa
20190831_165255,2,deteccao,0.937403,0.059020,False,ferrugem,0.387922,baixa,phoma,0.283623,muito_baixa
20190831_165255,3,deteccao,0.935824,0.040449,True,phoma,0.328079,baixa,ferrugem,0.291914,muito_baixa
20190831_165255,4,deteccao,0.927034,0.090881,False,phoma,0.368500,baixa,ferrugem,0.346689,muito_baixa
20190831_165255,5,deteccao,0.893491,0.045120,True,ferrugem,0.345946,baixa,phoma,0.289977,baixa
20190831_165255,6,deteccao,0.859892,0.011748,True,bicho_mineiro,0.311600,baixa,phoma,0.273239,muito_baixa
20190831_165255,7,deteccao,0.823804,0.005205,True,ferrugem,0.388132,baixa,ferrugem,0.346171,muito_baixa
20190831_165255,8,deteccao,0.560248,0.025049,False,ferrugem,0.462785,baixa,ferrugem,0.796563,baixa
20190831_165255,9,deteccao,0.537854,0.005851,False,ferrugem,0.399794,baixa,ferrugem,0.409392,baixa
20190831_165300,1,deteccao,0.937427,0.078838,True,ferrugem,0.618340,baixa,ferrugem,0.357468,muito_baixa
20190831_165300,2,deteccao,0.937030,0.099691,False,ferrugem,0.732128,baixa,bicho_mineiro,0.366348,muito_baixa
20190831_165300,3,deteccao,0.930165,0.075863,True,ferrugem,0.791203,baixa,cercosporiose,0.442968,muito_baixa
20190831_165300,4,deteccao,0.922922,0.053228,False,ferrugem,0.630208,baixa,saudavel,0.262908,saudavel
20190831_165300,5,deteccao,0.921771,0.071859,True,ferrugem,0.643138,muito_baixa,phoma,0.275734,muito_baixa
20190831_165300,6,deteccao,0.907688,0.097118,True,ferrugem,0.709642,baixa,bicho_mineiro,0.281368,muito_baixa
20190831_165300,7,deteccao,0.884633,0.026717,True,ferrugem,0.705222,baixa,ferrugem,0.355335,muito_baixa
20190831_165300,8,deteccao,0.860883,0.024784,True,ferrugem,0.461225,baixa,ferrugem,0.475880,baixa
20190831_165310,1,deteccao,0.939810,0.140591,False,ferrugem,0.719613,baixa,ferrugem,0.492074,muito_baixa
20190831_165310,2,deteccao,0.924704,0.056937,True,ferrugem,0.877162,muito_baixa,bicho_mineiro,0.298743,muito_baixa
20190831_165310,3,deteccao,0.924552,0.131683,False,ferrugem,0.619870,baixa,ferrugem,0.339067,baixa
20190831_165310,4,deteccao,0.917968,0.034001,True,ferrugem,0.461734,baixa,ferrugem,0.293972,baixa
20190831_165310,5,deteccao,0.901781,0.029756,True,ferrugem,0.388579,baixa,saudavel,0.270763,saudavel
20190831_165315,1,deteccao,0.943157,0.083506,True,phoma,0.739714,baixa,ferrugem,0.262934,muito_baixa
20190831_165315,2,deteccao,0.937218,0.068747,True,phoma,0.434062,baixa,ferrugem,0.434836,baixa
20190831_165315,3,deteccao,0.913520,0.031466,False,ferrugem,0.472226,baixa,ferrugem,0.756711,baixa
20190831_165315,4,deteccao,0.897071,0.051043,False,phoma,0.685201,baixa,phoma,0.382599,baixa
20190831_165315,5,deteccao,0.879030,0.006777,True,phoma,0.331023,baixa,phoma,0.374805,muito_baixa
20190831_165315,6,deteccao,0.867220,0.022295,False,ferrugem,0.495098,baixa,ferrugem,0.459051,baixa
20190831_165315,7,deteccao,0.866171,0.031623,False,ferrugem,0.558630,baixa,phoma,0.431501,baixa
20190831_165315,8,deteccao,0.816263,0.019653,False,ferrugem,0.587074,baixa,ferrugem,0.336754,baixa
20190831_165315,9,deteccao,0.593955,0.065326,False,ferrugem,0.667426,baixa,ferrugem,0.273453,muito_baixa
20190831_165333,1,deteccao,0.936787,0.180317,False,ferrugem,0.747556,baixa,ferrugem,0.441283,muito_baixa
20190831_165333,2,deteccao,0.906898,0.048037,True,ferrugem,0.678913,baixa,ferrugem,0.737714,baixa
20190831_165333,3,deteccao,0.906712,0.169121,True,ferrugem,0.790764,baixa,ferrugem,0.275224,muito_baixa
20190831_165333,4,deteccao,0.452104,0.075444,True,ferrugem,0.724453,baixa,ferrugem,0.305624,baixa
20190831_165340,1,deteccao,0.947017,0.109631,True,ferrugem,0.417835,muito_baixa,bicho_mineiro,0.236684,muito_baixa
20190831_165340,2,deteccao,0.944723,0.111613,True,ferrugem,0.437420,baixa,ferrugem,0.323813,muito_baixa
20190831_165340,3,deteccao,0.933135,0.117064,True,ferrugem,0.532729,muito_baixa,saudavel,0.277764,saudavel
20190831_165340,4,deteccao,0.932243,0.062140,True,ferrugem,0.548212,muito_baixa,ferrugem,0.263607,muito_baixa
20190831_165340,5,deteccao,0.921180,0.078060,True,ferrugem,0.640663,baixa,phoma,0.300849,baixa
20190831_165340,6,deteccao,0.917641,0.186777,True,ferrugem,0.752399,baixa,ferrugem,0.293020,muito_baixa
20190831_165340,7,deteccao,0.772503,0.058984,True,ferrugem,0.872461,baixa,bicho_mineiro,0.301636,muito_baixa
20190831_165349,1,deteccao,0.944240,0.153721,False,ferrugem,0.421305,baixa,ferrugem,0.578752,baixa
20190831_165349,2,deteccao,0.901171,0.118742,False,ferrugem,0.603649,baixa,ferrugem,0.325780,muito_baixa
20190831_165349,3,deteccao,0.614958,0.016335,True,ferrugem,0.755351,baixa,bicho_mineiro,0.276959,muito_baixa
20190831_165349,4,deteccao,0.471845,0.018732,True,ferrugem,0.713270,baixa,phoma,0.277148,muito_baixa
20191208_141947,1,deteccao,0.922013,0.083462,False,ferrugem,0.687396,baixa,ferrugem,0.572557,muito_baixa
20191208_141947,2,deteccao,0.920429,0.054992,False,phoma,0.492051,muito_baixa,phoma,0.290986,muito_baixa
20191208_141947,3,deteccao,0.903405,0.040251,True,ferrugem,0.519099,muito_baixa,bicho_mineiro,0.253909,muito_baixa
20191208_141947,4,deteccao,0.882630,0.041556,False,phoma,0.534265,muito_baixa,saudavel,0.298374,saudavel
20191208_141947,5,deteccao,0.861382,0.033066,False,ferrugem,0.386132,muito_baixa,phoma,0.318495,muito_baixa
20191208_141947,6,deteccao,0.808686,0.024751,True,ferrugem,0.300043,baixa,phoma,0.355977,muito_baixa
20191208_141947,7,deteccao,0.597232,0.029328,True,ferrugem,0.699922,muito_baixa,phoma,0.306250,muito_baixa
20191208_141947,8,deteccao,0.556501,0.030708,True,ferrugem,0.484575,baixa,bicho_mineiro,0.316506,baixa
20191208_142146,1,deteccao,0.933199,0.049663,False,ferrugem,0.514086,baixa,ferrugem,0.556198,muito_baixa
20191208_142146,2,deteccao,0.827231,0.031229,False,ferrugem,0.727041,baixa,phoma,0.382820,muito_baixa
20191208_142146,3,deteccao,0.762208,0.007697,True,ferrugem,0.482088,baixa,ferrugem,0.436674,baixa
20191208_142146,4,deteccao,0.678897,0.024619,False,ferrugem,0.444250,baixa,ferrugem,0.338996,baixa
20191208_142146,5,deteccao,0.583475,0.026772,True,ferrugem,0.338608,baixa,ferrugem,0.311939,baixa
20191208_142146,6,deteccao,0.526279,0.032288,False,ferrugem,0.513856,baixa,phoma,0.412457,muito_baixa
20191208_142146,7,deteccao,0.456436,0.007852,True,ferrugem,0.306894,baixa,saudavel,0.251151,saudavel
20191208_142156,1,deteccao,0.929878,0.069294,False,ferrugem,0.731945,baixa,ferrugem,0.748588,muito_baixa
20191208_142156,2,deteccao,0.927268,0.063914,False,bicho_mineiro,0.320329,baixa,bicho_mineiro,0.353931,muito_baixa
20191208_142156,3,deteccao,0.923176,0.053716,False,ferrugem,0.351252,baixa,phoma,0.324151,muito_baixa
20191208_142156,4,deteccao,0.869352,0.028304,True,ferrugem,0.502884,baixa,bicho_mineiro,0.343796,muito_baixa
20191208_142156,5,deteccao,0.793833,0.046273,True,bicho_mineiro,0.324156,muito_baixa,bicho_mineiro,0.299014,muito_baixa
20191208_142156,6,deteccao,0.654369,0.029450,True,ferrugem,0.398969,baixa,ferrugem,0.270591,baixa
20191208_142420,1,deteccao,0.931930,0.057158,False,ferrugem,0.569077,baixa,bicho_mineiro,0.546779,muito_baixa
20191208_142420,2,deteccao,0.925243,0.040034,False,ferrugem,0.705211,baixa,ferrugem,0.485724,baixa
20191208_142420,3,deteccao,0.900393,0.042098,False,ferrugem,0.734483,baixa,cercosporiose,0.474212,muito_baixa
20191208_142420,4,deteccao,0.885033,0.038851,True,ferrugem,0.420514,baixa,ferrugem,0.495856,muito_baixa
20191208_142420,5,deteccao,0.880034,0.028761,True,ferrugem,0.651273,muito_baixa,saudavel,0.409727,saudavel
20191208_142420,6,deteccao,0.787247,0.025094,False,ferrugem,0.849099,baixa,ferrugem,0.433291,baixa
20191208_142420,7,deteccao,0.663886,0.007482,True,ferrugem,0.275292,muito_baixa,saudavel,0.260757,saudavel
20191208_142420,8,deteccao,0.583297,0.024316,True,ferrugem,0.461571,baixa,ferrugem,0.399487,muito_baixa
20191208_142420,9,deteccao,0.567433,0.038757,False,ferrugem,0.694148,baixa,bicho_mineiro,0.310256,muito_baixa
20191208_142420,10,deteccao,0.503928,0.039360,False,ferrugem,0.554291,baixa,bicho_mineiro,0.400076,muito_baixa
20191208_142425,1,deteccao,0.950181,0.126636,False,ferrugem,0.887877,baixa,ferrugem,0.904838,muito_baixa
20191208_142425,2,deteccao,0.939237,0.037979,True,ferrugem,0.818190,baixa,ferrugem,0.841128,muito_baixa
20191208_142425,3,deteccao,0.932796,0.046188,True,ferrugem,0.877442,baixa,saudavel,0.465643,saudavel
20191208_142425,4,deteccao,0.867311,0.020638,True,ferrugem,0.499034,muito_baixa,saudavel,0.278116,saudavel
20191208_142429,1,deteccao,0.948743,0.061369,True,ferrugem,0.396488,baixa,phoma,0.269833,muito_baixa
20191208_142429,2,deteccao,0.947758,0.105558,True,ferrugem,0.642034,baixa,phoma,0.287513,muito_baixa
20191208_142429,3,deteccao,0.945799,0.165732,True,ferrugem,0.541236,baixa,ferrugem,0.337437,muito_baixa
20191208_142429,4,deteccao,0.943562,0.066120,True,ferrugem,0.402895,muito_baixa,bicho_mineiro,0.376371,muito_baixa
20191208_142429,5,deteccao,0.811795,0.013540,True,bicho_mineiro,0.521091,baixa,bicho_mineiro,0.352761,muito_baixa
20191208_142429,6,deteccao,0.459225,0.007342,True,ferrugem,0.511675,baixa,ferrugem,0.421877,baixa
20191208_142439,1,deteccao,0.932918,0.056214,False,ferrugem,0.478036,baixa,ferrugem,0.331928,baixa
20191208_142439,2,deteccao,0.927646,0.057992,False,ferrugem,0.450780,baixa,ferrugem,0.368105,baixa
20191208_142439,3,deteccao,0.914043,0.058538,True,bicho_mineiro,0.311034,muito_baixa,ferrugem,0.326646,muito_baixa
20191208_142439,4,deteccao,0.906189,0.024040,True,ferrugem,0.352335,baixa,phoma,0.376796,muito_baixa
20191208_142439,5,deteccao,0.853845,0.092114,True,phoma,0.463566,baixa,bicho_mineiro,0.259171,muito_baixa
20191208_142439,6,deteccao,0.805949,0.027349,True,cercosporiose,0.409090,muito_baixa,cercosporiose,0.686774,muito_baixa
20191208_142439,7,deteccao,0.747445,0.029823,True,phoma,0.352309,muito_baixa,phoma,0.507792,baixa
20191208_142439,8,deteccao,0.747421,0.032425,False,phoma,0.380285,baixa,phoma,0.486521,muito_baixa
20191208_142532,1,deteccao,0.923792,0.041318,True,ferrugem,0.384032,baixa,phoma,0.285618,baixa
20191208_142532,2,deteccao,0.923240,0.042591,True,bicho_mineiro,0.275319,baixa,saudavel,0.243097,saudavel
20191208_142532,3,deteccao,0.922068,0.074307,True,phoma,0.381429,baixa,saudavel,0.293261,saudavel
20191208_142532,4,deteccao,0.917399,0.023869,False,bicho_mineiro,0.597490,baixa,saudavel,0.582640,saudavel
20191208_142532,5,deteccao,0.915581,0.049002,False,phoma,0.470264,baixa,phoma,0.387483,muito_baixa
20191208_142532,6,deteccao,0.912590,0.036188,False,phoma,0.364749,baixa,ferrugem,0.576827,baixa
20191208_142532,7,deteccao,0.871744,0.027747,True,ferrugem,0.384111,baixa,ferrugem,0.375085,baixa
20191208_142532,8,deteccao,0.761206,0.014502,True,phoma,0.410526,baixa,phoma,0.470077,muito_baixa
20191208_142532,9,deteccao,0.754656,0.047339,False,phoma,0.343088,baixa,ferrugem,0.389632,baixa
20191208_142532,10,deteccao,0.710597,0.043716,True,bicho_mineiro,0.349136,baixa,saudavel,0.364530,saudavel
20191208_142532,11,deteccao,0.606343,0.036670,False,phoma,0.414338,baixa,ferrugem,0.356422,baixa
20191208_142532,12,deteccao,0.568924,0.022038,False,bicho_mineiro,0.348294,baixa,phoma,0.270011,muito_baixa
20191208_142536,1,deteccao,0.935606,0.036992,False,ferrugem,0.809931,baixa,phoma,0.337570,baixa
20191208_142536,2,deteccao,0.934105,0.029012,False,phoma,0.370703,baixa,phoma,0.311740,muito_baixa
20191208_142536,3,deteccao,0.933933,0.062599,False,phoma,0.409850,baixa,phoma,0.348430,muito_baixa
20191208_142536,4,deteccao,0.909651,0.051011,False,ferrugem,0.314616,baixa,bicho_mineiro,0.498437,baixa
20191208_142536,5,deteccao,0.856812,0.034437,True,phoma,0.269330,baixa,phoma,0.346223,baixa
20191208_142536,6,deteccao,0.831558,0.021449,False,ferrugem,0.328556,baixa,phoma,0.301642,muito_baixa
20191208_142536,7,deteccao,0.695307,0.015482,True,ferrugem,0.320466,baixa,ferrugem,0.483032,baixa
20191208_142536,8,deteccao,0.678961,0.022850,True,bicho_mineiro,0.361318,muito_baixa,phoma,0.309577,muito_baixa
20191208_142536,9,deteccao,0.582056,0.008857,True,phoma,0.487776,baixa,bicho_mineiro,0.387293,baixa
20191208_142536,10,deteccao,0.557842,0.030312,False,phoma,0.340230,baixa,bicho_mineiro,0.435203,muito_baixa
20191208_142536,11,deteccao,0.550874,0.014360,True,ferrugem,0.427794,baixa,phoma,0.326098,muito_baixa
20191208_142536,12,deteccao,0.430869,0.019974,True,bicho_mineiro,0.347274,baixa,ferrugem,0.319086,baixa
20191208_142536,13,deteccao,0.415872,0.013875,True,phoma,0.346555,baixa,phoma,0.265865,muito_baixa
20191208_142539,1,deteccao,0.948440,0.086935,True,ferrugem,0.802597,baixa,ferrugem,0.868449,baixa
20191208_142539,2,deteccao,0.918314,0.044321,False,ferrugem,0.499974,baixa,phoma,0.324363,baixa
20191208_142539,3,deteccao,0.915299,0.042965,False,ferrugem,0.487561,baixa,ferrugem,0.551055,muito_baixa
20191208_142539,4,deteccao,0.911724,0.052954,True,ferrugem,0.920652,baixa,bicho_mineiro,0.353583,muito_baixa
20191208_142539,5,deteccao,0.901550,0.022664,True,ferrugem,0.442466,baixa,bicho_mineiro,0.257862,muito_baixa
20191208_142539,6,deteccao,0.897332,0.033507,True,ferrugem,0.672804,baixa,bicho_mineiro,0.376207,muito_baixa
20191208_142539,7,deteccao,0.884193,0.028184,False,bicho_mineiro,0.406054,baixa,bicho_mineiro,0.549096,muito_baixa
20191208_142539,8,deteccao,0.856031,0.042845,False,ferrugem,0.559939,muito_baixa,saudavel,0.466096,saudavel
20191208_142539,9,deteccao,0.543149,0.006089,True,saudavel,0.611451,saudavel,saudavel,0.454553,saudavel
20191208_142551,1,deteccao,0.946676,0.085199,False,phoma,0.359286,baixa,ferrugem,0.515198,muito_baixa
20191208_142551,2,deteccao,0.946015,0.110661,False,ferrugem,0.449795,baixa,phoma,0.748555,baixa
20191208_142551,3,deteccao,0.904696,0.017415,True,phoma,0.323149,muito_baixa,saudavel,0.234227,saudavel
20191208_142551,4,deteccao,0.809548,0.039147,True,ferrugem,0.425244,baixa,phoma,0.241812,muito_baixa
20191208_142551,5,deteccao,0.723646,0.015340,True,ferrugem,0.319640,muito_baixa,saudavel,0.316772,saudavel
20191208_142551,6,deteccao,0.457667,0.011074,True,phoma,0.380299,baixa,bicho_mineiro,0.423591,muito_baixa
20191208_142829,1,deteccao,0.937024,0.027362,True,ferrugem,0.314929,muito_baixa,saudavel,0.263097,saudavel
20191208_142829,2,deteccao,0.929220,0.052445,False,ferrugem,0.737854,baixa,saudavel,0.290562,saudavel
20191208_142829,3,deteccao,0.915826,0.057246,True,ferrugem,0.579578,baixa,saudavel,0.443719,saudavel
20191208_142829,4,deteccao,0.885354,0.014041,True,ferrugem,0.336147,muito_baixa,ferrugem,0.429685,baixa
20191208_142829,5,deteccao,0.815335,0.032668,False,phoma,0.340758,baixa,phoma,0.404285,muito_baixa
20191208_142829,6,deteccao,0.775463,0.015119,False,ferrugem,0.844195,muito_baixa,phoma,0.262223,muito_baixa
20191208_142829,7,deteccao,0.598303,0.024497,False,ferrugem,0.620582,muito_baixa,phoma,0.345490,muito_baixa
20191208_142846,1,deteccao,0.936481,0.040150,True,ferrugem,0.764629,muito_baixa,phoma,0.400432,muito_baixa
20191208_142846,2,deteccao,0.935998,0.023066,False,phoma,0.297731,baixa,phoma,0.436557,baixa
20191208_142846,3,deteccao,0.876019,0.018519,True,ferrugem,0.592311,muito_baixa,saudavel,0.329296,saudavel
20191208_142846,4,deteccao,0.870861,0.019616,True,ferrugem,0.350558,baixa,phoma,0.397909,baixa
20191208_142846,5,deteccao,0.840929,0.027310,False,ferrugem,0.644168,baixa,bicho_mineiro,0.556891,baixa
20191208_142846,6,deteccao,0.820454,0.025243,False,ferrugem,0.751270,muito_baixa,ferrugem,0.284233,muito_baixa
20191208_142940,1,deteccao,0.951524,0.129180,False,ferrugem,0.522559,baixa,phoma,0.617989,muito_baixa
20191208_142940,2,deteccao,0.929880,0.083462,False,ferrugem,0.566188,muito_baixa,saudavel,0.351703,saudavel
20191208_142940,3,deteccao,0.918438,0.043693,True,ferrugem,0.627804,muito_baixa,phoma,0.245856,muito_baixa
20191208_142940,4,deteccao,0.911331,0.075794,False,ferrugem,0.672722,muito_baixa,saudavel,0.326060,saudavel
20191208_142940,5,deteccao,0.848898,0.042559,False,ferrugem,0.629900,muito_baixa,phoma,0.272142,muito_baixa
20191208_142948,1,deteccao,0.941052,0.112769,False,ferrugem,0.339582,baixa,bicho_mineiro,0.559998,baixa
20191208_142948,2,deteccao,0.931567,0.141372,False,ferrugem,0.486620,baixa,bicho_mineiro,0.351708,muito_baixa
20191208_142948,3,deteccao,0.879775,0.013296,True,ferrugem,0.520536,baixa,ferrugem,0.334366,muito_baixa
20191208_142955,1,deteccao,0.913313,0.044953,False,ferrugem,0.703223,baixa,phoma,0.455119,baixa
20191208_142955,2,deteccao,0.896898,0.035018,True,ferrugem,0.508318,muito_baixa,phoma,0.277355,muito_baixa
20191208_142955,3,deteccao,0.889324,0.032729,False,ferrugem,0.342382,muito_baixa,saudavel,0.458162,saudavel
20191208_142955,4,deteccao,0.886425,0.016130,True,bicho_mineiro,0.268864,muito_baixa,saudavel,0.441045,saudavel
20191208_142955,5,deteccao,0.866011,0.035199,True,ferrugem,0.311509,baixa,bicho_mineiro,0.349289,muito_baixa
20191208_142955,6,deteccao,0.851530,0.038719,False,bicho_mineiro,0.502033,baixa,bicho_mineiro,0.697562,muito_baixa
20191208_142955,7,deteccao,0.705057,0.018148,True,ferrugem,0.818583,muito_baixa,saudavel,0.234929,saudavel
20191208_142955,8,deteccao,0.669689,0.030749,False,ferrugem,0.632868,muito_baixa,phoma,0.292030,baixa
20191208_142955,9,deteccao,0.531077,0.037463,False,bicho_mineiro,0.556393,muito_baixa,ferrugem,0.549545,muito_baixa
20191208_142955,10,deteccao,0.452014,0.062363,False,bicho_mineiro,0.494748,muito_baixa,ferrugem,0.420692,muito_baixa
20191208_142955,11,deteccao,0.366258,0.008761,True,ferrugem,0.745088,muito_baixa,bicho_mineiro,0.259906,muito_baixa
20191208_143001,1,deteccao,0.949628,0.121567,False,ferrugem,0.838389,baixa,ferrugem,0.710892,baixa
20191208_143001,2,deteccao,0.920432,0.063265,False,ferrugem,0.556693,baixa,bicho_mineiro,0.587945,muito_baixa
20191208_143001,3,deteccao,0.919237,0.050238,True,ferrugem,0.845411,baixa,ferrugem,0.838252,muito_baixa
20191208_143001,4,deteccao,0.918292,0.094899,True,bicho_mineiro,0.382724,baixa,bicho_mineiro,0.846512,muito_baixa
20191208_143001,5,deteccao,0.901455,0.010885,True,ferrugem,0.451361,baixa,saudavel,0.247081,saudavel
20191208_143010,1,deteccao,0.951200,0.085127,True,ferrugem,0.852326,baixa,ferrugem,0.508876,baixa
20191208_143010,2,deteccao,0.938438,0.098364,False,ferrugem,0.807547,baixa,saudavel,0.228397,saudavel
20191208_143010,3,deteccao,0.845251,0.035283,True,ferrugem,0.578897,muito_baixa,saudavel,0.398503,saudavel
20191208_143015,1,deteccao,0.949908,0.143446,False,ferrugem,0.791704,baixa,ferrugem,0.815839,muito_baixa
20191208_143015,2,deteccao,0.919319,0.056087,False,ferrugem,0.509100,baixa,ferrugem,0.294529,muito_baixa
20191208_143015,3,deteccao,0.866568,0.035192,True,ferrugem,0.697496,baixa,phoma,0.240612,muito_baixa
20191208_143015,4,deteccao,0.847764,0.023885,True,ferrugem,0.666263,baixa,ferrugem,0.528795,muito_baixa
20191208_143015,5,deteccao,0.843503,0.063560,False,ferrugem,0.589808,baixa,ferrugem,0.541833,baixa
20191208_143015,6,deteccao,0.804956,0.080142,False,ferrugem,0.814793,baixa,ferrugem,0.651646,muito_baixa
20191208_143600,1,deteccao,0.940546,0.167588,True,ferrugem,0.758362,baixa,saudavel,0.501258,saudavel
20191208_143600,2,deteccao,0.934486,0.144451,True,ferrugem,0.697185,baixa,phoma,0.798382,muito_baixa
20191208_143600,3,deteccao,0.903967,0.070151,False,ferrugem,0.556036,baixa,phoma,0.359953,muito_baixa
20191208_143600,4,deteccao,0.739507,0.039100,False,ferrugem,0.585670,baixa,phoma,0.365830,muito_baixa
20191208_143600,5,deteccao,0.676252,0.014782,False,bicho_mineiro,0.333940,muito_baixa,phoma,0.251210,muito_baixa
20191208_143600,6,deteccao,0.485506,0.052277,True,ferrugem,0.708827,baixa,ferrugem,0.632346,muito_baixa
20191208_143712,1,deteccao,0.935121,0.045225,True,ferrugem,0.706191,baixa,saudavel,0.406185,saudavel
20191208_143712,2,deteccao,0.931969,0.046291,False,ferrugem,0.579295,baixa,phoma,0.302633,muito_baixa
20191208_143712,3,deteccao,0.928645,0.155465,True,ferrugem,0.569243,baixa,phoma,0.275392,muito_baixa
20191208_143712,4,deteccao,0.379220,0.015052,True,ferrugem,0.526890,muito_baixa,phoma,0.310347,muito_baixa
20191208_143715,1,deteccao,0.943179,0.118690,False,ferrugem,0.759904,baixa,ferrugem,0.794650,muito_baixa
20191208_143715,2,deteccao,0.923279,0.100339,True,ferrugem,0.486906,baixa,bicho_mineiro,0.422742,muito_baixa
20191208_143715,3,deteccao,0.918485,0.042038,True,bicho_mineiro,0.374775,baixa,bicho_mineiro,0.413604,muito_baixa
20191208_143715,4,deteccao,0.907773,0.070249,True,ferrugem,0.417468,baixa,bicho_mineiro,0.350633,muito_baixa
20191208_143715,5,deteccao,0.792664,0.013677,True,ferrugem,0.432062,muito_baixa,saudavel,0.487077,saudavel
20191208_143723,1,deteccao,0.936322,0.019128,True,phoma,0.282896,baixa,phoma,0.288705,muito_baixa
20191208_143723,2,deteccao,0.921081,0.044118,False,ferrugem,0.621099,baixa,ferrugem,0.528345,muito_baixa
20191208_143723,3,deteccao,0.917032,0.037378,False,ferrugem,0.824322,baixa,phoma,0.356674,muito_baixa
20191208_143723,4,deteccao,0.912037,0.045116,True,phoma,0.557036,baixa,phoma,0.350919,muito_baixa
20191208_143723,5,deteccao,0.904530,0.034671,False,ferrugem,0.453850,baixa,bicho_mineiro,0.527285,muito_baixa
20191208_143723,6,deteccao,0.893373,0.039733,True,phoma,0.304307,baixa,phoma,0.387429,muito_baixa
20191208_143723,7,deteccao,0.880902,0.014453,True,phoma,0.286984,baixa,ferrugem,0.445750,baixa
20191208_143723,8,deteccao,0.853680,0.027267,False,phoma,0.369498,baixa,saudavel,0.301431,saudavel
20191208_143723,9,deteccao,0.843015,0.026203,True,ferrugem,0.350539,baixa,phoma,0.335914,muito_baixa
20191208_143723,10,deteccao,0.796293,0.012380,True,bicho_mineiro,0.420445,baixa,phoma,0.296179,baixa
20191208_143723,11,deteccao,0.710926,0.013626,True,ferrugem,0.459487,muito_baixa,bicho_mineiro,0.260182,muito_baixa
20191208_143723,12,deteccao,0.707269,0.029515,False,ferrugem,0.563545,baixa,ferrugem,0.663143,baixa
20191208_143728,1,deteccao,0.929793,0.123853,False,ferrugem,0.622212,baixa,ferrugem,0.568059,baixa
20191208_143728,2,deteccao,0.918134,0.089611,True,ferrugem,0.376868,baixa,phoma,0.544573,baixa
20191208_143728,3,deteccao,0.892411,0.064465,False,phoma,0.454417,baixa,ferrugem,0.513244,baixa
20191208_143728,4,deteccao,0.892336,0.048587,False,ferrugem,0.441625,baixa,ferrugem,0.351570,baixa
20191208_143728,5,deteccao,0.843118,0.045091,False,ferrugem,0.421628,baixa,ferrugem,0.639151,baixa
20191208_143728,6,deteccao,0.747817,0.011270,True,ferrugem,0.355395,baixa,ferrugem,0.468794,baixa
