foto,folhas,leitura_s,deteccao_s,recortes_s,classificacao_s,contrato_s,total_s,status
20190831_163138,9,0.056828,0.181831,0.078059,0.682054,0.000235,0.999006,sucesso
20190831_163335,3,0.049978,0.162359,0.072515,0.213053,0.000051,0.497956,erro
20190831_163458,8,0.057797,0.180498,0.092195,0.628516,0.000209,0.959213,sucesso
20190831_163511,5,0.053076,0.169273,0.068217,0.353742,0.000531,0.644839,sucesso
20190831_163627,8,0.052950,0.180470,0.089536,0.609120,0.000599,0.932675,sucesso
20190831_163736,5,0.052275,0.198066,0.075591,0.344317,0.000065,0.670313,erro
20190831_163906,7,0.052718,0.181005,0.079674,0.528280,0.000194,0.841871,sucesso
20190831_164144,8,0.059261,0.177532,0.077990,0.590937,0.001124,0.906844,sucesso
20190831_164159,7,0.058768,0.189415,0.108222,0.511134,0.001262,0.868802,sucesso
20190831_164207,9,0.055260,0.181792,0.084230,0.701890,0.000778,1.023950,sucesso
20190831_164341,7,0.053009,0.172385,0.086641,0.506310,0.000230,0.818575,sucesso
20190831_164415,3,0.059582,0.168827,0.073093,0.208067,0.000513,0.510082,sucesso
20190831_164431,6,0.059143,0.187500,0.081083,0.435802,0.000339,0.763868,sucesso
20190831_164541,6,0.053333,0.178329,0.076838,0.457594,0.000060,0.766155,erro
20190831_164556,13,0.055551,0.207701,0.098380,1.044176,0.000686,1.406495,sucesso
20190831_165255,9,0.078067,0.187230,0.069588,0.654932,0.000066,0.989883,erro
20190831_165300,8,0.074783,0.185858,0.097444,0.620136,0.000823,0.979044,sucesso
20190831_165310,5,0.064738,0.166752,0.082922,0.346033,0.000644,0.661089,sucesso
20190831_165315,9,0.065460,0.173115,0.083351,0.691437,0.000623,1.013985,sucesso
20190831_165333,4,0.064917,0.177598,0.077792,0.287910,0.000904,0.609120,sucesso
20190831_165340,7,0.065991,0.170565,0.091766,0.530116,0.000446,0.858884,sucesso
20190831_165349,4,0.071381,0.168268,0.067591,0.276714,0.000292,0.584246,sucesso
20191208_141947,8,0.064333,0.177467,0.072315,0.616532,0.000398,0.931045,sucesso
20191208_142146,7,0.073824,0.196002,0.070684,0.503898,0.000214,0.844621,sucesso
20191208_142156,6,0.069722,0.180944,0.077542,0.449132,0.000278,0.777618,sucesso
20191208_142420,10,0.066342,0.191164,0.084587,0.760755,0.000769,1.103616,sucesso
20191208_142425,4,0.071551,0.187160,0.060047,0.272161,0.000624,0.591543,sucesso
20191208_142429,6,0.066633,0.168706,0.068838,0.426132,0.000342,0.730651,sucesso
20191208_142439,8,0.072868,0.213717,0.075116,0.596700,0.000050,0.958451,erro
20191208_142532,12,0.067023,0.198316,0.082065,0.988543,0.000072,1.336019,erro
20191208_142536,13,0.071415,0.206766,0.072899,1.030505,0.000392,1.381977,sucesso
20191208_142539,9,0.064135,0.185329,0.068831,0.676427,0.000776,0.995498,sucesso
20191208_142551,6,0.076891,0.189331,0.070918,0.426253,0.000053,0.763447,erro
20191208_142829,8,0.062936,0.195384,0.061993,0.603534,0.000431,0.924278,sucesso
20191208_142846,6,0.061698,0.190033,0.054746,0.428235,0.000653,0.735364,sucesso
20191208_142940,5,0.064567,0.172787,0.070442,0.353061,0.000450,0.661307,sucesso
20191208_142948,3,0.071727,0.187691,0.073653,0.203242,0.000051,0.536364,erro
20191208_142955,11,0.063628,0.185634,0.077428,0.867116,0.000496,1.194301,sucesso
20191208_143001,5,0.068674,0.192841,0.074961,0.347483,0.000547,0.684505,sucesso
20191208_143010,3,0.065890,0.157973,0.061474,0.213500,0.000607,0.499443,sucesso
20191208_143015,6,0.072150,0.171749,0.083071,0.425057,0.000894,0.752920,sucesso
20191208_143600,6,0.072099,0.212986,0.080314,0.456306,0.000544,0.822249,sucesso
20191208_143712,4,0.068394,0.192140,0.070976,0.321350,0.000297,0.653157,sucesso
20191208_143715,5,0.066264,0.178542,0.079559,0.379986,0.000278,0.704627,sucesso
20191208_143723,12,0.078606,0.196780,0.074607,0.954701,0.000343,1.305037,sucesso
20191208_143728,6,0.059814,0.192885,0.089279,0.456468,0.000267,0.798714,sucesso
