epoca,lr,perda_treino,perda_classe_treino,perda_sev_treino,perda_fora,acuracia_fora,f1_macro_fora,tempo_s,memoria_gpu_gb
1,0.0001,3.04312,1.59283,1.45029,2.94842,0.440945,0.360001,18.5,3.78
2,9.93844e-05,2.74648,1.54035,1.20612,2.72326,0.685039,0.431194,18.6,3.78
3,9.75528e-05,2.51056,1.45332,1.05724,2.53018,0.673228,0.538403,18.6,3.78
4,9.45503e-05,2.28643,1.299,0.987431,2.27657,0.712598,0.54746,18.6,3.78
5,9.04508e-05,1.94853,1.10669,0.841844,1.83707,0.775591,0.66057,18.5,3.78
6,8.53553e-05,1.61446,0.852016,0.762445,1.53636,0.795276,0.685085,18.5,3.78
7,7.93893e-05,1.28888,0.654769,0.634115,1.35335,0.822835,0.723869,18.6,3.78
8,7.26995e-05,1.16213,0.539547,0.622581,1.21881,0.913386,0.83377,18.5,3.78
9,6.54508e-05,0.99071,0.451604,0.539107,1.13988,0.909449,0.828283,18.5,3.78
10,5.78217e-05,0.870383,0.384075,0.486309,1.06965,0.929134,0.844196,18.6,3.78
11,5e-05,0.838398,0.341817,0.49658,1.00698,0.937008,0.857244,18.5,3.78
12,4.21783e-05,0.833589,0.344014,0.489575,1.00897,0.909449,0.834219,18.6,3.78
13,3.45492e-05,0.763172,0.294992,0.46818,0.939696,0.948819,0.870998,18.6,3.78
14,2.73005e-05,0.693061,0.261235,0.431826,0.914525,0.952756,0.892867,18.5,3.78
15,2.06107e-05,0.724071,0.285315,0.438755,0.908333,0.948819,0.888029,18.6,3.78
16,1.46447e-05,0.635445,0.225016,0.410429,0.89521,0.952756,0.887281,18.6,3.78
17,9.54915e-06,0.725823,0.276896,0.448927,0.890883,0.956693,0.90728,18.6,3.78
18,5.44967e-06,0.682291,0.254797,0.427494,0.892443,0.956693,0.902311,18.6,3.78
19,2.44717e-06,0.684522,0.272608,0.411914,0.88556,0.948819,0.888284,18.5,3.78
20,6.15583e-07,0.661181,0.249183,0.411998,0.891249,0.952756,0.887281,18.5,3.78
