id,classe_verdadeira,classe_prevista,prob_saudavel,prob_ferrugem,prob_bicho_mineiro,prob_phoma,prob_cercosporiose,severidade_verdadeira,severidade_prevista,protocolo,dobra
4,saudavel,saudavel,0.971486,0.004893,0.018025,0.000708,0.004888,0,0,aleatorio,2
8,saudavel,saudavel,0.979458,0.003191,0.012484,0.001114,0.003753,0,0,aleatorio,2
10,saudavel,saudavel,0.983277,0.002409,0.010836,0.000719,0.002759,0,0,aleatorio,2
13,saudavel,saudavel,0.983463,0.002722,0.010685,0.000656,0.002474,0,0,aleatorio,2
15,saudavel,saudavel,0.973578,0.004535,0.016741,0.000992,0.004153,0,0,aleatorio,2
21,bicho_mineiro,bicho_mineiro,0.030626,0.050223,0.861573,0.026530,0.031047,3,1,aleatorio,2
31,bicho_mineiro,bicho_mineiro,0.032564,0.112253,0.627781,0.140214,0.087188,3,2,aleatorio,2
34,bicho_mineiro,bicho_mineiro,0.000085,0.002278,0.961374,0.001347,0.034916,1,1,aleatorio,2
36,bicho_mineiro,bicho_mineiro,0.002227,0.009498,0.952836,0.021498,0.013941,1,1,aleatorio,2
53,bicho_mineiro,bicho_mineiro,0.009777,0.071295,0.791211,0.043731,0.083986,2,2,aleatorio,2
63,bicho_mineiro,bicho_mineiro,0.000199,0.003010,0.983425,0.001797,0.011569,1,1,aleatorio,2
64,bicho_mineiro,bicho_mineiro,0.003086,0.006278,0.969736,0.008758,0.012142,1,1,aleatorio,2
76,bicho_mineiro,bicho_mineiro,0.000153,0.004224,0.979635,0.001022,0.014965,1,1,aleatorio,2
80,bicho_mineiro,bicho_mineiro,0.006616,0.009348,0.966657,0.006609,0.010770,1,1,aleatorio,2
87,bicho_mineiro,bicho_mineiro,0.008902,0.008954,0.956224,0.009911,0.016009,1,1,aleatorio,2
93,ferrugem,ferrugem,0.001819,0.977816,0.006778,0.000999,0.012588,1,1,aleatorio,2
98,ferrugem,ferrugem,0.006645,0.935563,0.012475,0.024908,0.020409,2,2,aleatorio,2
100,ferrugem,ferrugem,0.004622,0.952387,0.013154,0.011240,0.018596,4,2,aleatorio,2
102,ferrugem,ferrugem,0.016796,0.903693,0.022557,0.013261,0.043693,1,1,aleatorio,2
111,ferrugem,ferrugem,0.115765,0.738475,0.087897,0.002885,0.054978,1,1,aleatorio,2
113,ferrugem,ferrugem,0.072930,0.795645,0.054039,0.020114,0.057272,1,1,aleatorio,2
117,ferrugem,ferrugem,0.009283,0.916008,0.018974,0.028819,0.026915,4,2,aleatorio,2
119,ferrugem,ferrugem,0.008412,0.943320,0.011875,0.010367,0.026025,2,1,aleatorio,2
133,ferrugem,ferrugem,0.000378,0.991346,0.001951,0.000549,0.005775,2,1,aleatorio,2
139,ferrugem,ferrugem,0.029691,0.786963,0.040424,0.090610,0.052313,4,2,aleatorio,2
143,ferrugem,ferrugem,0.014224,0.893875,0.020355,0.040719,0.030827,3,2,aleatorio,2
149,ferrugem,ferrugem,0.012160,0.900365,0.023324,0.024611,0.039540,3,2,aleatorio,2
152,ferrugem,ferrugem,0.002742,0.964976,0.008887,0.007789,0.015605,1,1,aleatorio,2
153,ferrugem,ferrugem,0.013336,0.892990,0.022225,0.039159,0.032290,3,2,aleatorio,2
159,ferrugem,ferrugem,0.003481,0.965166,0.008441,0.007456,0.015456,1,1,aleatorio,2
169,ferrugem,ferrugem,0.022305,0.933740,0.016303,0.005607,0.022045,1,1,aleatorio,2
185,saudavel,saudavel,0.981911,0.003510,0.010123,0.001250,0.003206,0,0,aleatorio,2
186,saudavel,saudavel,0.987614,0.001456,0.008497,0.000406,0.002028,0,0,aleatorio,2
193,saudavel,saudavel,0.982542,0.002162,0.011215,0.001000,0.003082,0,0,aleatorio,2
197,saudavel,saudavel,0.992543,0.001036,0.004470,0.000331,0.001620,0,0,aleatorio,2
201,saudavel,saudavel,0.987670,0.001864,0.007712,0.000520,0.002233,0,0,aleatorio,2
203,saudavel,saudavel,0.984371,0.002505,0.009175,0.001043,0.002906,0,0,aleatorio,2
206,saudavel,saudavel,0.938153,0.011258,0.033931,0.005323,0.011335,0,0,aleatorio,2
207,saudavel,saudavel,0.899553,0.011491,0.063305,0.009573,0.016079,0,0,aleatorio,2
208,saudavel,saudavel,0.959391,0.006235,0.024340,0.003018,0.007017,0,0,aleatorio,2
232,phoma,phoma,0.002360,0.006110,0.017517,0.963434,0.010578,2,1,aleatorio,2
233,phoma,phoma,0.000236,0.001949,0.085671,0.903236,0.008907,1,1,aleatorio,2
241,phoma,phoma,0.000656,0.002725,0.003568,0.990360,0.002691,2,1,aleatorio,2
249,phoma,phoma,0.000822,0.003326,0.005786,0.984566,0.005500,2,1,aleatorio,2
250,phoma,phoma,0.000157,0.000682,0.003067,0.994660,0.001434,2,1,aleatorio,2
255,phoma,phoma,0.000779,0.002782,0.004309,0.986630,0.005501,2,1,aleatorio,2
267,phoma,phoma,0.023727,0.028287,0.129241,0.727390,0.091355,1,1,aleatorio,2
270,phoma,phoma,0.001202,0.005824,0.007761,0.975657,0.009556,1,1,aleatorio,2
272,phoma,phoma,0.003829,0.010308,0.011015,0.961059,0.013789,2,1,aleatorio,2
279,phoma,phoma,0.000341,0.001754,0.005786,0.986418,0.005702,1,1,aleatorio,2
284,phoma,phoma,0.000577,0.003288,0.034933,0.951568,0.009634,1,1,aleatorio,2
285,phoma,phoma,0.001227,0.005290,0.006552,0.980948,0.005983,2,1,aleatorio,2
298,phoma,phoma,0.002503,0.008781,0.008089,0.973189,0.007438,2,2,aleatorio,2
300,phoma,phoma,0.019021,0.055988,0.049096,0.843476,0.032419,3,2,aleatorio,2
301,phoma,phoma,0.001883,0.008366,0.013854,0.966058,0.009839,3,2,aleatorio,2
305,phoma,phoma,0.000605,0.003350,0.006681,0.984817,0.004547,1,1,aleatorio,2
310,phoma,phoma,0.001439,0.008643,0.010731,0.970191,0.008996,3,2,aleatorio,2
312,phoma,phoma,0.000332,0.001582,0.005026,0.988282,0.004778,1,1,aleatorio,2
314,phoma,phoma,0.000086,0.000645,0.008559,0.987670,0.003041,1,1,aleatorio,2
316,phoma,phoma,0.000150,0.000960,0.002093,0.994864,0.001934,1,1,aleatorio,2
318,phoma,phoma,0.013044,0.046790,0.047481,0.861576,0.031108,3,2,aleatorio,2
323,phoma,phoma,0.005680,0.023202,0.012358,0.944141,0.014619,3,2,aleatorio,2
329,phoma,phoma,0.000262,0.002582,0.010303,0.963464,0.023389,1,1,aleatorio,2
336,phoma,phoma,0.006681,0.026130,0.020510,0.933339,0.013339,3,2,aleatorio,2
337,phoma,phoma,0.001431,0.006716,0.006384,0.978431,0.007038,1,1,aleatorio,2
349,phoma,phoma,0.000126,0.001088,0.001543,0.995659,0.001584,1,1,aleatorio,2
354,phoma,phoma,0.000304,0.001626,0.015211,0.967640,0.015219,1,1,aleatorio,2
356,phoma,phoma,0.000976,0.003933,0.006020,0.984148,0.004923,1,1,aleatorio,2
366,phoma,phoma,0.000526,0.002571,0.004331,0.987906,0.004665,1,1,aleatorio,2
367,phoma,phoma,0.000825,0.002889,0.008096,0.983541,0.004649,1,1,aleatorio,2
373,phoma,phoma,0.000953,0.002812,0.005630,0.985563,0.005042,1,1,aleatorio,2
382,phoma,phoma,0.000346,0.002019,0.004253,0.990035,0.003348,1,1,aleatorio,2
390,phoma,phoma,0.001078,0.008233,0.006269,0.974164,0.010256,1,1,aleatorio,2
399,phoma,phoma,0.000523,0.003604,0.003777,0.987718,0.004377,1,1,aleatorio,2
419,phoma,phoma,0.000839,0.005229,0.005977,0.982888,0.005068,2,1,aleatorio,2
422,phoma,phoma,0.000897,0.006451,0.006820,0.980056,0.005777,1,2,aleatorio,2
434,phoma,phoma,0.000993,0.006292,0.012093,0.970065,0.010558,2,1,aleatorio,2
451,phoma,phoma,0.002532,0.028983,0.017873,0.885913,0.064698,2,2,aleatorio,2
466,cercosporiose,phoma,0.000826,0.010874,0.018661,0.903515,0.066125,1,1,aleatorio,2
468,phoma,phoma,0.000139,0.000926,0.002092,0.994404,0.002439,1,1,aleatorio,2
488,phoma,phoma,0.002246,0.008995,0.006354,0.975772,0.006633,2,2,aleatorio,2
490,phoma,phoma,0.005010,0.006598,0.005921,0.974512,0.007959,1,1,aleatorio,2
494,cercosporiose,phoma,0.002175,0.016514,0.131226,0.748959,0.101126,1,1,aleatorio,2
520,phoma,phoma,0.004070,0.019856,0.021512,0.931841,0.022721,1,1,aleatorio,2
541,phoma,phoma,0.000452,0.003129,0.005979,0.986132,0.004307,1,1,aleatorio,2
545,phoma,phoma,0.003778,0.025148,0.151515,0.800107,0.019452,1,2,aleatorio,2
553,phoma,phoma,0.006030,0.009007,0.008756,0.962869,0.013338,1,1,aleatorio,2
558,ferrugem,cercosporiose,0.000590,0.228469,0.285168,0.002104,0.483669,1,1,aleatorio,2
564,phoma,phoma,0.007215,0.019403,0.128643,0.711213,0.133527,1,1,aleatorio,2
587,saudavel,saudavel,0.920644,0.015413,0.025018,0.022079,0.016846,0,0,aleatorio,2
590,ferrugem,ferrugem,0.002774,0.935051,0.022900,0.009393,0.029882,2,1,aleatorio,2
593,ferrugem,ferrugem,0.003302,0.965226,0.007708,0.007277,0.016486,2,1,aleatorio,2
594,cercosporiose,cercosporiose,0.003067,0.044068,0.033200,0.009103,0.910562,1,1,aleatorio,2
602,saudavel,saudavel,0.968140,0.004448,0.012847,0.007012,0.007552,0,0,aleatorio,2
610,phoma,phoma,0.000489,0.017401,0.153960,0.733426,0.094725,1,1,aleatorio,2
614,saudavel,saudavel,0.972380,0.004556,0.005873,0.010398,0.006793,0,0,aleatorio,2
620,bicho_mineiro,bicho_mineiro,0.069092,0.006728,0.648207,0.205793,0.070180,1,1,aleatorio,2
626,saudavel,saudavel,0.992236,0.001632,0.003284,0.000803,0.002045,0,0,aleatorio,2
628,phoma,phoma,0.020310,0.041429,0.180399,0.676511,0.081352,2,1,aleatorio,2
629,saudavel,saudavel,0.989728,0.002380,0.003920,0.001303,0.002668,0,0,aleatorio,2
641,ferrugem,ferrugem,0.002485,0.782369,0.019605,0.005119,0.190421,1,1,aleatorio,2
645,phoma,bicho_mineiro,0.008195,0.003879,0.932572,0.025023,0.030331,1,1,aleatorio,2
646,phoma,saudavel,0.257561,0.028311,0.254934,0.206553,0.252641,1,1,aleatorio,2
658,phoma,phoma,0.076177,0.018164,0.064967,0.797667,0.043024,1,1,aleatorio,2
661,phoma,phoma,0.001328,0.002273,0.072094,0.911492,0.012813,1,1,aleatorio,2
667,saudavel,saudavel,0.976683,0.003816,0.008977,0.002875,0.007649,0,0,aleatorio,2
669,phoma,phoma,0.040129,0.132094,0.298844,0.411273,0.117659,2,1,aleatorio,2
670,phoma,phoma,0.073210,0.114168,0.124049,0.597905,0.090668,2,1,aleatorio,2
673,phoma,phoma,0.003712,0.004785,0.055484,0.882007,0.054013,1,1,aleatorio,2
674,saudavel,saudavel,0.819358,0.029239,0.088971,0.025829,0.036603,0,0,aleatorio,2
677,phoma,phoma,0.075937,0.042805,0.168309,0.607881,0.105068,1,1,aleatorio,2
687,saudavel,saudavel,0.980869,0.002763,0.011188,0.001299,0.003881,0,0,aleatorio,2
688,bicho_mineiro,bicho_mineiro,0.002026,0.020784,0.882014,0.026479,0.068698,2,1,aleatorio,2
697,bicho_mineiro,bicho_mineiro,0.000735,0.003045,0.983108,0.001498,0.011614,1,1,aleatorio,2
698,bicho_mineiro,bicho_mineiro,0.000034,0.001314,0.990491,0.000862,0.007300,2,1,aleatorio,2
704,bicho_mineiro,cercosporiose,0.007010,0.017031,0.356054,0.004097,0.615808,1,1,aleatorio,2
708,saudavel,saudavel,0.939126,0.010382,0.033481,0.002111,0.014900,0,0,aleatorio,2
714,bicho_mineiro,bicho_mineiro,0.001374,0.027946,0.691100,0.008941,0.270639,1,1,aleatorio,2
719,bicho_mineiro,bicho_mineiro,0.013544,0.025904,0.865391,0.020916,0.074245,1,1,aleatorio,2
729,bicho_mineiro,bicho_mineiro,0.003923,0.001875,0.982715,0.001385,0.010101,1,1,aleatorio,2
736,saudavel,saudavel,0.980520,0.003277,0.010409,0.001423,0.004371,0,0,aleatorio,2
737,bicho_mineiro,bicho_mineiro,0.025460,0.004859,0.925998,0.021863,0.021820,1,1,aleatorio,2
740,saudavel,saudavel,0.970750,0.007647,0.011729,0.002648,0.007226,0,0,aleatorio,2
742,cercosporiose,cercosporiose,0.005482,0.064258,0.040654,0.001297,0.888310,1,1,aleatorio,2
744,bicho_mineiro,bicho_mineiro,0.005572,0.007161,0.957340,0.009358,0.020570,1,1,aleatorio,2
757,bicho_mineiro,bicho_mineiro,0.002264,0.004811,0.966405,0.002089,0.024431,1,1,aleatorio,2
766,saudavel,saudavel,0.940034,0.012221,0.030859,0.004154,0.012733,0,0,aleatorio,2
774,bicho_mineiro,bicho_mineiro,0.000873,0.004905,0.941114,0.004350,0.048758,1,1,aleatorio,2
779,bicho_mineiro,bicho_mineiro,0.008885,0.004637,0.949808,0.006933,0.029737,1,1,aleatorio,2
783,bicho_mineiro,bicho_mineiro,0.001461,0.255112,0.411066,0.006067,0.326293,1,1,aleatorio,2
788,ferrugem,ferrugem,0.000192,0.991363,0.001236,0.000496,0.006712,1,1,aleatorio,2
790,bicho_mineiro,bicho_mineiro,0.000670,0.003973,0.972087,0.002515,0.020755,1,1,aleatorio,2
801,ferrugem,ferrugem,0.019946,0.822032,0.038976,0.065432,0.053613,4,2,aleatorio,2
805,ferrugem,ferrugem,0.015882,0.762981,0.049762,0.099254,0.072121,4,2,aleatorio,2
809,ferrugem,ferrugem,0.004212,0.842842,0.044257,0.007854,0.100835,2,1,aleatorio,2
810,saudavel,saudavel,0.989511,0.001746,0.005784,0.000523,0.002436,0,0,aleatorio,2
811,phoma,bicho_mineiro,0.030412,0.044292,0.735370,0.124372,0.065555,3,2,aleatorio,2
817,bicho_mineiro,ferrugem,0.001659,0.421719,0.164986,0.000892,0.410745,1,1,aleatorio,2
857,bicho_mineiro,bicho_mineiro,0.009461,0.015613,0.942644,0.014797,0.017486,2,1,aleatorio,2
858,ferrugem,ferrugem,0.007386,0.946802,0.012527,0.003772,0.029513,1,1,aleatorio,2
860,bicho_mineiro,bicho_mineiro,0.002782,0.009531,0.954291,0.013908,0.019489,1,1,aleatorio,2
861,bicho_mineiro,bicho_mineiro,0.002077,0.007463,0.949272,0.021754,0.019434,1,2,aleatorio,2
867,bicho_mineiro,bicho_mineiro,0.004800,0.016479,0.818422,0.121055,0.039243,1,1,aleatorio,2
881,ferrugem,ferrugem,0.001056,0.971227,0.006196,0.001886,0.019635,2,1,aleatorio,2
884,saudavel,saudavel,0.944405,0.012087,0.025377,0.003494,0.014637,0,0,aleatorio,2
887,bicho_mineiro,bicho_mineiro,0.025725,0.007284,0.930152,0.006542,0.030296,1,1,aleatorio,2
893,bicho_mineiro,bicho_mineiro,0.013033,0.033542,0.812646,0.095710,0.045070,2,2,aleatorio,2
894,bicho_mineiro,bicho_mineiro,0.009562,0.038005,0.759624,0.129055,0.063755,2,2,aleatorio,2
895,bicho_mineiro,bicho_mineiro,0.067730,0.037441,0.804432,0.035172,0.055226,2,1,aleatorio,2
902,bicho_mineiro,bicho_mineiro,0.002044,0.034992,0.783685,0.021611,0.157668,1,1,aleatorio,2
903,bicho_mineiro,bicho_mineiro,0.015698,0.053993,0.700882,0.145841,0.083586,3,2,aleatorio,2
906,bicho_mineiro,cercosporiose,0.007573,0.017608,0.184198,0.001366,0.789255,1,1,aleatorio,2
910,bicho_mineiro,bicho_mineiro,0.006361,0.249960,0.427382,0.046091,0.270205,1,1,aleatorio,2
913,saudavel,saudavel,0.627293,0.054174,0.117922,0.010636,0.189975,0,0,aleatorio,2
922,bicho_mineiro,cercosporiose,0.059009,0.124132,0.202515,0.020116,0.594228,1,1,aleatorio,2
923,bicho_mineiro,bicho_mineiro,0.027427,0.097618,0.624849,0.141497,0.108609,2,2,aleatorio,2
940,saudavel,saudavel,0.992118,0.001773,0.003046,0.001060,0.002003,0,0,aleatorio,2
962,saudavel,saudavel,0.974835,0.005408,0.011433,0.002244,0.006081,0,0,aleatorio,2
967,saudavel,saudavel,0.985818,0.003244,0.006200,0.000938,0.003800,0,0,aleatorio,2
971,saudavel,saudavel,0.989739,0.001935,0.004644,0.001066,0.002617,0,0,aleatorio,2
979,saudavel,saudavel,0.986089,0.002692,0.005573,0.002103,0.003543,0,0,aleatorio,2
980,saudavel,saudavel,0.975984,0.005102,0.010265,0.002823,0.005826,0,0,aleatorio,2
981,saudavel,saudavel,0.982556,0.003621,0.007137,0.002154,0.004532,0,0,aleatorio,2
984,saudavel,saudavel,0.994511,0.001024,0.002746,0.000365,0.001355,0,0,aleatorio,2
986,saudavel,saudavel,0.966934,0.007325,0.013880,0.002592,0.009269,0,0,aleatorio,2
993,saudavel,saudavel,0.980898,0.003392,0.009016,0.002043,0.004650,0,0,aleatorio,2
994,saudavel,saudavel,0.992972,0.001536,0.003188,0.000551,0.001752,0,0,aleatorio,2
1004,bicho_mineiro,bicho_mineiro,0.003133,0.003296,0.969154,0.007321,0.017096,1,1,aleatorio,2
1013,cercosporiose,bicho_mineiro,0.009297,0.035327,0.481996,0.023671,0.449709,1,1,aleatorio,2
1018,ferrugem,ferrugem,0.000232,0.992553,0.000678,0.000124,0.006414,1,1,aleatorio,2
1024,bicho_mineiro,bicho_mineiro,0.015541,0.013215,0.913870,0.031424,0.025950,2,1,aleatorio,2
1030,bicho_mineiro,bicho_mineiro,0.000198,0.000618,0.981789,0.000606,0.016790,1,1,aleatorio,2
1031,bicho_mineiro,bicho_mineiro,0.013571,0.087293,0.582721,0.019516,0.296899,1,1,aleatorio,2
1035,bicho_mineiro,bicho_mineiro,0.013988,0.012637,0.872182,0.056084,0.045109,1,1,aleatorio,2
1058,bicho_mineiro,bicho_mineiro,0.021825,0.002591,0.948170,0.002971,0.024443,1,1,aleatorio,2
1062,bicho_mineiro,bicho_mineiro,0.001934,0.006542,0.866930,0.004603,0.119991,1,1,aleatorio,2
1065,cercosporiose,bicho_mineiro,0.022539,0.043445,0.570047,0.016187,0.347783,1,1,aleatorio,2
1077,bicho_mineiro,bicho_mineiro,0.001038,0.004298,0.964034,0.011120,0.019511,3,2,aleatorio,2
1078,bicho_mineiro,bicho_mineiro,0.028498,0.015284,0.858432,0.013318,0.084469,1,1,aleatorio,2
1089,saudavel,saudavel,0.915690,0.007515,0.060073,0.004062,0.012660,0,0,aleatorio,2
1093,saudavel,saudavel,0.724436,0.038207,0.162197,0.015317,0.059844,0,0,aleatorio,2
1119,bicho_mineiro,bicho_mineiro,0.004949,0.005809,0.898182,0.002302,0.088759,1,1,aleatorio,2
1121,bicho_mineiro,saudavel,0.513287,0.023336,0.399358,0.013493,0.050525,1,0,aleatorio,2
1123,bicho_mineiro,bicho_mineiro,0.003820,0.001465,0.982337,0.001723,0.010655,1,1,aleatorio,2
1137,bicho_mineiro,bicho_mineiro,0.001715,0.006783,0.921927,0.015571,0.054004,1,1,aleatorio,2
1139,bicho_mineiro,bicho_mineiro,0.000728,0.002520,0.962369,0.000640,0.033744,1,1,aleatorio,2
1141,bicho_mineiro,bicho_mineiro,0.295850,0.055697,0.575300,0.015406,0.057747,1,1,aleatorio,2
1142,bicho_mineiro,bicho_mineiro,0.001511,0.003668,0.953563,0.025686,0.015572,2,1,aleatorio,2
1149,phoma,bicho_mineiro,0.004212,0.003895,0.945765,0.009688,0.036439,1,1,aleatorio,2
1152,saudavel,saudavel,0.863309,0.013631,0.078634,0.011854,0.032571,0,0,aleatorio,2
1165,bicho_mineiro,bicho_mineiro,0.003282,0.124377,0.784556,0.006801,0.080983,2,1,aleatorio,2
1166,bicho_mineiro,bicho_mineiro,0.007372,0.020454,0.737404,0.203673,0.031097,2,1,aleatorio,2
1168,ferrugem,ferrugem,0.001689,0.962632,0.007539,0.000498,0.027642,1,1,aleatorio,2
1169,saudavel,saudavel,0.308300,0.280026,0.172477,0.016920,0.222277,0,1,aleatorio,2
1170,bicho_mineiro,bicho_mineiro,0.005295,0.005172,0.960990,0.011656,0.016886,1,1,aleatorio,2
1171,bicho_mineiro,cercosporiose,0.025245,0.055409,0.333591,0.160646,0.425109,1,1,aleatorio,2
1184,saudavel,saudavel,0.587367,0.079259,0.230635,0.022976,0.079764,0,0,aleatorio,2
1188,bicho_mineiro,bicho_mineiro,0.006527,0.006186,0.959312,0.008555,0.019420,1,1,aleatorio,2
1191,ferrugem,ferrugem,0.025416,0.575649,0.182045,0.117781,0.099109,2,2,aleatorio,2
1198,saudavel,saudavel,0.947963,0.009711,0.022088,0.002705,0.017533,0,0,aleatorio,2
1200,cercosporiose,cercosporiose,0.089149,0.091889,0.169247,0.013122,0.636592,1,1,aleatorio,2
1214,cercosporiose,cercosporiose,0.013254,0.166676,0.154576,0.021894,0.643601,1,1,aleatorio,2
1219,bicho_mineiro,bicho_mineiro,0.006611,0.006509,0.949136,0.021445,0.016299,1,1,aleatorio,2
1233,ferrugem,ferrugem,0.004375,0.950249,0.011742,0.000437,0.033198,1,1,aleatorio,2
1236,ferrugem,ferrugem,0.013353,0.798362,0.053828,0.055428,0.079029,3,2,aleatorio,2
1238,ferrugem,ferrugem,0.001994,0.620506,0.033682,0.000807,0.343011,1,1,aleatorio,2
1248,ferrugem,ferrugem,0.010370,0.895074,0.022583,0.036496,0.035477,4,2,aleatorio,2
1255,ferrugem,bicho_mineiro,0.004171,0.313862,0.547359,0.009641,0.124968,1,1,aleatorio,2
1270,ferrugem,ferrugem,0.002888,0.969799,0.007135,0.004162,0.016016,1,1,aleatorio,2
1273,ferrugem,ferrugem,0.009257,0.736805,0.101373,0.021755,0.130810,3,1,aleatorio,2
1275,ferrugem,ferrugem,0.012834,0.826457,0.018802,0.000931,0.140977,1,1,aleatorio,2
1276,ferrugem,ferrugem,0.015712,0.466846,0.173757,0.043001,0.300684,4,2,aleatorio,2
1280,ferrugem,ferrugem,0.000146,0.978395,0.002132,0.000093,0.019235,1,1,aleatorio,2
1288,ferrugem,ferrugem,0.000993,0.810465,0.037556,0.005536,0.145450,3,1,aleatorio,2
1294,ferrugem,ferrugem,0.001398,0.965353,0.005477,0.003876,0.023894,2,1,aleatorio,2
1306,ferrugem,ferrugem,0.004350,0.933793,0.019676,0.010999,0.031182,2,2,aleatorio,2
1312,bicho_mineiro,ferrugem,0.001311,0.788058,0.036822,0.004209,0.169599,2,1,aleatorio,2
1332,ferrugem,ferrugem,0.000717,0.980571,0.003831,0.000492,0.014389,2,1,aleatorio,2
1337,ferrugem,ferrugem,0.000794,0.948322,0.004593,0.000373,0.045918,1,1,aleatorio,2
1340,ferrugem,ferrugem,0.001141,0.968604,0.005960,0.005374,0.018922,3,2,aleatorio,2
1351,bicho_mineiro,cercosporiose,0.000489,0.032807,0.472533,0.004251,0.489920,1,1,aleatorio,2
1355,ferrugem,ferrugem,0.003080,0.954526,0.009683,0.011332,0.021379,2,2,aleatorio,2
1364,ferrugem,ferrugem,0.018436,0.827966,0.063877,0.008181,0.081541,1,1,aleatorio,2
1369,ferrugem,ferrugem,0.000854,0.790423,0.050524,0.001258,0.156941,1,1,aleatorio,2
1371,ferrugem,ferrugem,0.000163,0.994653,0.000755,0.000655,0.003774,1,2,aleatorio,2
1387,cercosporiose,cercosporiose,0.012067,0.169262,0.093807,0.002698,0.722166,1,1,aleatorio,2
1397,ferrugem,ferrugem,0.000132,0.984061,0.002564,0.000192,0.013051,1,1,aleatorio,2
1410,cercosporiose,bicho_mineiro,0.006960,0.053401,0.798242,0.019162,0.122235,1,1,aleatorio,2
1424,ferrugem,ferrugem,0.001065,0.981986,0.003009,0.002216,0.011724,2,2,aleatorio,2
1429,ferrugem,ferrugem,0.005402,0.523717,0.116118,0.002468,0.352295,1,1,aleatorio,2
1434,ferrugem,ferrugem,0.001506,0.901426,0.023306,0.006415,0.067347,1,1,aleatorio,2
1437,ferrugem,ferrugem,0.005888,0.635592,0.094547,0.000952,0.263021,1,1,aleatorio,2
1442,ferrugem,ferrugem,0.028363,0.783249,0.040827,0.092028,0.055532,3,2,aleatorio,2
1455,ferrugem,ferrugem,0.000486,0.970893,0.004492,0.001471,0.022658,2,1,aleatorio,2
1456,ferrugem,ferrugem,0.010863,0.765297,0.110359,0.026625,0.086855,2,1,aleatorio,2
1460,ferrugem,ferrugem,0.007508,0.744410,0.055827,0.013358,0.178897,2,1,aleatorio,2
1473,ferrugem,ferrugem,0.000827,0.989688,0.001834,0.001625,0.006027,2,2,aleatorio,2
1474,ferrugem,ferrugem,0.000471,0.986663,0.002002,0.001153,0.009711,2,1,aleatorio,2
1478,cercosporiose,cercosporiose,0.010637,0.064057,0.122918,0.018578,0.783810,1,1,aleatorio,2
1488,ferrugem,cercosporiose,0.002340,0.127714,0.034762,0.001978,0.833206,1,1,aleatorio,2
1507,ferrugem,ferrugem,0.011162,0.837882,0.016368,0.000813,0.133775,1,1,aleatorio,2
1516,ferrugem,ferrugem,0.001894,0.952632,0.005626,0.010792,0.029056,2,1,aleatorio,2
1517,ferrugem,ferrugem,0.000906,0.987258,0.002312,0.002651,0.006873,4,2,aleatorio,2
1533,ferrugem,cercosporiose,0.001706,0.423293,0.023282,0.006073,0.545646,1,1,aleatorio,2
1534,ferrugem,ferrugem,0.005339,0.939169,0.014288,0.013903,0.027301,2,2,aleatorio,2
1540,ferrugem,ferrugem,0.000210,0.990778,0.000874,0.000298,0.007839,1,1,aleatorio,2
1546,ferrugem,ferrugem,0.000039,0.996838,0.000284,0.000090,0.002749,1,1,aleatorio,2
1551,ferrugem,ferrugem,0.000668,0.773149,0.021310,0.002594,0.202280,1,1,aleatorio,2
1552,ferrugem,ferrugem,0.006165,0.948582,0.010154,0.001838,0.033261,1,1,aleatorio,2
1553,cercosporiose,cercosporiose,0.002703,0.028670,0.055129,0.018100,0.895398,1,1,aleatorio,2
1564,ferrugem,ferrugem,0.003266,0.877661,0.022123,0.016879,0.080071,2,1,aleatorio,2
1568,ferrugem,ferrugem,0.000763,0.985569,0.003346,0.001899,0.008423,1,1,aleatorio,2
1570,ferrugem,ferrugem,0.000247,0.960325,0.002362,0.000264,0.036802,1,1,aleatorio,2
1575,cercosporiose,cercosporiose,0.001417,0.233292,0.077932,0.001677,0.685682,1,1,aleatorio,2
1577,cercosporiose,cercosporiose,0.002648,0.025999,0.310606,0.016542,0.644205,1,1,aleatorio,2
1583,ferrugem,cercosporiose,0.000422,0.368635,0.021269,0.000709,0.608965,1,1,aleatorio,2
1585,bicho_mineiro,cercosporiose,0.034549,0.029122,0.266624,0.011415,0.658290,1,1,aleatorio,2
1590,ferrugem,ferrugem,0.025591,0.827025,0.035704,0.054682,0.056999,3,2,aleatorio,2
1591,cercosporiose,cercosporiose,0.000991,0.009637,0.009599,0.002037,0.977736,1,1,aleatorio,2
1593,ferrugem,ferrugem,0.031065,0.874786,0.032972,0.009076,0.052101,1,1,aleatorio,2
1594,ferrugem,ferrugem,0.002511,0.784443,0.051074,0.002212,0.159759,1,1,aleatorio,2
1599,ferrugem,ferrugem,0.003407,0.890854,0.024185,0.005339,0.076215,1,1,aleatorio,2
1606,ferrugem,ferrugem,0.014766,0.799917,0.054408,0.050026,0.080883,4,2,aleatorio,2
1607,ferrugem,ferrugem,0.002895,0.927650,0.016842,0.010396,0.042216,2,1,aleatorio,2
1611,cercosporiose,cercosporiose,0.007770,0.016194,0.127659,0.003031,0.845345,1,1,aleatorio,2
1614,ferrugem,ferrugem,0.019092,0.524660,0.050154,0.009287,0.396808,1,1,aleatorio,2
1616,ferrugem,ferrugem,0.050137,0.758660,0.054264,0.064945,0.071993,2,2,aleatorio,2
1618,cercosporiose,ferrugem,0.009764,0.884068,0.032486,0.031703,0.041979,2,2,aleatorio,2
1625,cercosporiose,ferrugem,0.007484,0.500670,0.080898,0.014885,0.396063,1,1,aleatorio,2
1628,ferrugem,ferrugem,0.005278,0.922909,0.015064,0.010609,0.046140,1,1,aleatorio,2
1637,ferrugem,ferrugem,0.408603,0.479809,0.040994,0.003170,0.067423,1,1,aleatorio,2
1644,cercosporiose,cercosporiose,0.001571,0.150387,0.068366,0.004681,0.774995,1,1,aleatorio,2
1649,ferrugem,ferrugem,0.000719,0.988308,0.001810,0.000686,0.008478,1,1,aleatorio,2
1652,ferrugem,ferrugem,0.002885,0.965038,0.006841,0.001076,0.024159,1,1,aleatorio,2
1654,cercosporiose,cercosporiose,0.000228,0.011557,0.049593,0.001959,0.936663,1,1,aleatorio,2
1669,cercosporiose,cercosporiose,0.003335,0.227508,0.026961,0.006354,0.735842,1,1,aleatorio,2
1674,ferrugem,ferrugem,0.025701,0.626334,0.057439,0.007249,0.283277,1,1,aleatorio,2
1689,cercosporiose,ferrugem,0.005414,0.510780,0.114955,0.010874,0.357977,1,1,aleatorio,2
1692,ferrugem,ferrugem,0.000543,0.667191,0.005476,0.000355,0.326435,1,1,aleatorio,2
1694,ferrugem,ferrugem,0.003110,0.749102,0.026837,0.002950,0.218001,1,1,aleatorio,2
1695,ferrugem,cercosporiose,0.000946,0.155901,0.025007,0.003670,0.814475,2,1,aleatorio,2
1704,ferrugem,ferrugem,0.024776,0.729022,0.058570,0.105578,0.082054,4,2,aleatorio,2
1714,bicho_mineiro,cercosporiose,0.083344,0.038251,0.185043,0.011362,0.682000,1,1,aleatorio,2
1724,cercosporiose,cercosporiose,0.000613,0.269652,0.017340,0.001957,0.710438,1,1,aleatorio,2
1728,cercosporiose,cercosporiose,0.004304,0.073080,0.057137,0.058807,0.806672,1,1,aleatorio,2
1732,cercosporiose,cercosporiose,0.006271,0.155410,0.118133,0.010793,0.709394,1,1,aleatorio,2
1736,phoma,cercosporiose,0.007634,0.030700,0.118053,0.024310,0.819302,1,1,aleatorio,2
