fonte,id,caminho,largura,altura,split,n_folhas,area_coberta,data_hora,cena,sha256,phash,anotacao
bracot,20190831_163057,data/raw/bracot/bracot-data/train/20190831_163057.jpg,4032,3024,treino,9,0.4113,2019-08-31T16:30:57,20190831_163057,3716df62970965e4e8e15ee040975d9ab0229ae697f8a0d8b37806743f864b51,dd33a31f6e66e52e648f3a45296c66d2c92300a532d141d8d3b417fbbec8d931,data/raw/bracot/bracot-data/train/train_annotation_coco.json
bracot,20190831_163104,data/raw/bracot/bracot-data/train/20190831_163104.jpg,4032,3024,treino,7,0.4172,2019-08-31T16:31:04,20190831_163057,9da78e56567116497f8957150690b7802169149131010a426624457eba427209,e1709a5cba1a21d33c60c874040df6eadc824266ca9f689dc9e5ff6b7fda144c,data/raw/bracot/bracot-data/train/train_annotation_coco.json
bracot,20190831_163111,data/raw/bracot/bracot-data/train/20190831_163111.jpg,4032,3024,treino,5,0.2424,2019-08-31T16:31:11,20190831_163057,176255a55657383dc27164f464b2c4affcf8bc06e03e2cfdbe08075f4af21d76,b746b01bd9b97d49f085caa495da9598ca6a51b2864d5cbbfdc89a2668db224a,data/raw/bracot/bracot-data/train/train_annotation_coco.json
bracot,20190831_163123,data/raw/bracot/bracot-data/test/20190831_163123.jpg,4032,3024,teste,7,0.3737,2019-08-31T16:31:23,20190831_163123,40071ac0f4d1f83a6f7972c72fc1249e60e229c286935e4a20d205bff03e9d2f,9559592451b6160a29d4148bedc3a2f74a6b735057195042e18faa8dfe6fbe57,data/raw/bracot/bracot-data/test/test_annotation_coco.json
bracot,20190831_163138,data/raw/bracot/bracot-data/train/20190831_163138.jpg,4032,3024,treino,6,0.2303,2019-08-31T16:31:38,20190831_163138,2e1ab3f30af40a338af0262488a98183763a3b6471749f0bb0b9d8f2ccc6328e,ae33dbe91a771707f90fb6ca14722c9108ddcc6ac3c4e9875e84143a6f1b2356,data/raw/bracot/bracot-data/train/train_annotation_coco.json
bracot,20190831_163154,data/raw/bracot/bracot-data/train/20190831_163154.jpg,4032,3024,treino,4,0.3455,2019-08-31T16:31:54,20190831_163154,ce52cc987d54d3845806197679be52f6eeb665ab3b842e7aa5d415373de930db,f470af944bb6803edacdb0ebac3e690d790d67be424bd65273a60b360b608d62,data/raw/bracot/bracot-data/train/train_annotation_coco.json
bracot,20190831_163219,data/raw/bracot/bracot-data/train/20190831_163219.jpg,4032,3024,treino,4,0.3500,2019-08-31T16:32:19,20190831_163219,2638f15d1cf8987b46283e5113a22b9f6f46f8388b2db0f99bfd515ce6a1941d,d9d088acd01e3438e89ee2e53137adcd2c50e1f41f2851d75de8e0e376b9fd01,data/raw/bracot/bracot-data/train/train_annotation_coco.json
bracot,20190831_163222,data/raw/bracot/bracot-data/test/20190831_163222.jpg,4032,3024,teste,3,0.3059,2019-08-31T16:32:22,20190831_163219,6aa33687cb1f8304ee09f54aad33b7e588f86c6b3e9729701eee15d24b7c4bbf,f6adfb63792e8a93b5064edb02cb8e69fb01b62cf378ea52a0dca500045faad0,data/raw/bracot/bracot-data/test/test_annotation_coco.json
bracot,20190831_163225,data/raw/bracot/bracot-data/train/20190831_163225.jpg,4032,3024,treino,5,0.4119,2019-08-31T16:32:25,20190831_163219,05a815b541dea4522f6414b635971f1be628074a9171ba09dc2f69a69a0c7c1d,d95e4839e998616375f466c8c5bb178a2e98f2a0d8a7f0c0c1e7db8dfc6503c1,data/raw/bracot/bracot-data/train/train_annotation_coco.json
bracot,20190831_163231,data/raw/bracot/bracot-data/train/20190831_163231.jpg,4032,3024,treino,7,0.5676,2019-08-31T16:32:31,20190831_163219,c2c771471936e70f1d3de702bd7220da444bafa0be45edbddd46ce7989b3cd8d,a9de0b7192e41bb1c9183d81e22e1e37da27658aedb357ec43ec181a616a64bd,data/raw/bracot/bracot-data/train/train_annotation_coco.json
bracot,20190831_163237,data/raw/bracot/bracot-data/train/20190831_163237.jpg,4032,3024,treino,5,0.5168,2019-08-31T16:32:37,20190831_163219,ca023d5de1f7c7917b1f9671f14b0a07b541b04708a397e1d143f62d9821d99d,ace8f61399e6b99ba17414d1c14eb647ea9af0c8aa55759af195d341925f40a6,data/raw/bracot/bracot-data/train/train_annotation_coco.json
bracot,20190831_163300,data/raw/bracot/bracot-data/train/20190831_163300.jpg,4032,3024,treino,7,0.3946,2019-08-31T16:33:00,20190831_163300,4bdd2bfad506eaf0f1e42c452663ac998a11ecbe6f46c345b15f04d1497ce2ee,e94cfba1a695d07eb1e65704c31c2ab1dc05d05bb3d29ba994a935f84bd20e8d,data/raw/bracot/bracot-data/train/train_annotation_coco.json
bracot,20190831_163319,data/raw/bracot/bracot-data/train/20190831_163319.jpg,4032,3024,treino,4,0.3467,2019-08-31T16:33:19,20190831_163319,1787fa5479eb4f9d71ccdf9afd9b65a3a21a1011c738788d07c50b995761caf8,f7eb6c8be02a80fd77bf1de263946e86d1aa932f52a652da324aa4ad51155111,data/raw/bracot/bracot-data/train/train_annotation_coco.json
bracot,20190831_163335,data/raw/bracot/bracot-data/train/20190831_163335.jpg,4032,3024,treino,2,0.4269,2019-08-31T16:33:35,20190831_163335,aaa8a6da65f35af7bfcbe7a1970afae9955a8ff838963d061af853590232c037,ae79f8bbf11b5e3000f7d9d182dc01194e008f217672fd2b3a38003b1c3ffc7d,data/raw/bracot/bracot-data/train/train_annotation_coco.json
bracot,20190831_163410,data/raw/bracot/bracot-data/train/20190831_163410.jpg,4032,3024,treino,5,0.3100,2019-08-31T16:34:10,20190831_163410,610f9a21cef78f740e1465fa43466e121f74d7f7a7560b119e87bdf0acac65ea,9b3dc4bae4c653fb5ecede30f809f859817d81d89fe09ea59c041e1a96b0b221,data/raw/bracot/bracot-data/train/train_annotation_coco.json
bracot,20190831_163438,data/raw/bracot/bracot-data/train/20190831_163438.jpg,4032,3024,treino,5,0.4203,2019-08-31T16:34:38,20190831_163438,c2ea53b3c1c4f08f55386bc83fc34255bdeb513e301eefecef098317fdb42710,e6c5a971351a6e8318e13515d156b59bd023f04be838fbd1f74e80b992f59037,data/raw/bracot/bracot-data/train/train_annotation_coco.json
bracot,20190831_163444,data/raw/bracot/bracot-data/train/20190831_163444.jpg,4032,3024,treino,5,0.5416,2019-08-31T16:34:44,20190831_163438,6ef75dee0d0b724cd55f50806160c82cbd9d08d0260c7d8afa9bce0acc746b0b,a3fb310a1ae00d046ee74ffb2e78d2269413449d87a619756ae7af23cb34a6b2,data/raw/bracot/bracot-data/train/train_annotation_coco.json
bracot,20190831_163455,data/raw/bracot/bracot-data/test/20190831_163455.jpg,4032,3024,teste,5,0.3060,2019-08-31T16:34:55,20190831_163455,a12faa91dea3e61ce97758395a519c1af62e3645b97819255308a5a256ace351,89d1e6d5f50a8ce6c9eb6911c6c294e53dc491a83516613c4d6c62fb713ce1db,data/raw/bracot/bracot-data/test/test_annotation_coco.json
bracot,20190831_163458,data/raw/bracot/bracot-data/train/20190831_163458.jpg,4032,3024,treino,8,0.5260,2019-08-31T16:34:58,20190831_163455,80fd2eba97324412da055ab8570cc2bd2144422e0e739999565e5bf84becb5a1,d2b6c3cce1b1748cf0e7a1233d99fecf3b7109db8bdf0cc394590c9801d289b1,data/raw/bracot/bracot-data/train/train_annotation_coco.json
bracot,20190831_163503,data/raw/bracot/bracot-data/test/20190831_163503.jpg,4032,3024,teste,5,0.4155,2019-08-31T16:35:03,20190831_163455,a61f3e855924d674e421d94a6e9ed20039cb4bf2d351bdd14b296206828ee160,e728b986c9776b6ae8c8517202dc9fe15e054c76ee5a42bfa4b43652ade8cc06,data/raw/bracot/bracot-data/test/test_annotation_coco.json
bracot,20190831_163511,data/raw/bracot/bracot-data/train/20190831_163511.jpg,4032,3024,treino,2,0.3714,2019-08-31T16:35:11,20190831_163455,450bac1ca1acd5086622360c2506571e49cbe7d83cffe8653b507f67f6c3adcd,b86efa17c7a741d4ee946485662138fe356ab93fad15dd128d0b02a9f549f240,data/raw/bracot/bracot-data/train/train_annotation_coco.json
bracot,20190831_163526,data/raw/bracot/bracot-data/train/20190831_163526.jpg,4032,3024,treino,3,0.3034,2019-08-31T16:35:26,20190831_163526,b50bd8ae05d97ccca77a9a2ec53f6accfaebf00ca835bc930fcc217381b39807,e4eb60eba9b36d32a622ba2d9cd0126ad0e612ef40ae66366f9ce136e04f8dc5,data/raw/bracot/bracot-data/train/train_annotation_coco.json
bracot,20190831_163540,data/raw/bracot/bracot-data/train/20190831_163540.jpg,4032,3024,treino,5,0.3531,2019-08-31T16:35:40,20190831_163540,9fcc02916fa28a0d59980069a1ab48c1dfc9279aed2fb91bb72ca4bca0dfb890,ecaadde5ba765ab4d6bc1a58e34aa6031685569fd53c121638c4a20f8e8e375a,data/raw/bracot/bracot-data/train/train_annotation_coco.json
bracot,20190831_163546,data/raw/bracot/bracot-data/train/20190831_163546.jpg,4032,3024,treino,7,0.4818,2019-08-31T16:35:46,20190831_163540,d400fb8933e6aeaf5075e786e59ee21403f16f31dc7157d0731251272f933713,b50124abc3edaf06d85ffb48bcb89cec9be06e93ac688064a5302f07ce771473,data/raw/bracot/bracot-data/train/train_annotation_coco.json
bracot,20190831_163553,data/raw/bracot/bracot-data/train/20190831_163553.jpg,4032,3024,treino,5,0.3958,2019-08-31T16:35:53,20190831_163540,7646b71bf4e737bd6f1c85aecc19c4e6dec342e3477a9321d9f57c595656fff9,a1f918926a0c827c4fc29f03f692b1bd8154151bdc37b4de6670df42879707f6,data/raw/bracot/bracot-data/train/train_annotation_coco.json
bracot,20190831_163612,data/raw/bracot/bracot-data/train/20190831_163612.jpg,4032,3024,treino,8,0.4270,2019-08-31T16:36:12,20190831_163612,d335b7102c234e6ac30a570f9e8a22c92b49e32bac75612b603b2b2cc5b20fbb,b8e90d05d7067f69877d2c793c9171d221dac385d811cf5fd36d7698a8d032d0,data/raw/bracot/bracot-data/train/train_annotation_coco.json
bracot,20190831_163627,data/raw/bracot/bracot-data/train/20190831_163627.jpg,4032,3024,treino,4,0.3907,2019-08-31T16:36:27,20190831_163627,b6620e610f9ae8efe18376e9f00eefad6514f59c4b1d9a78a14a56b695230cc6,f73dee1c4ce071ff1649f9a158a654726a65a3e4870944bd39d1117911b99993,data/raw/bracot/bracot-data/train/train_annotation_coco.json
bracot,20190831_163715,data/raw/bracot/bracot-data/test/20190831_163715.jpg,4032,3024,teste,4,0.4812,2019-08-31T16:37:15,20190831_163715,6f6b62a3efc2933b03d316462731cd97b941a6ac3b767288a3dca718a0ba39fa,a66a15bf6f28a6e58cfd9c5c9d7c3c5d919ba10b831b61309dc16bd69b441690,data/raw/bracot/bracot-data/test/test_annotation_coco.json
bracot,20190831_163736,data/raw/bracot/bracot-data/train/20190831_163736.jpg,4032,3024,treino,5,0.5358,2019-08-31T16:37:36,20190831_163736,a378334257beca16cdb7a91104b67e6cedcc66b6032b41aad755f7d7894a683d,e2e30c838ccc1da3bd994396e79362366342beabd0cc18b538dd3891b0bb756b,data/raw/bracot/bracot-data/train/train_annotation_coco.json
bracot,20190831_163748,data/raw/bracot/bracot-data/train/20190831_163748.jpg,4032,3024,treino,5,0.4641,2019-08-31T16:37:48,20190831_163748,9d7122a99d4ea44cbab00e47894bfe48dc9e04fe74456287842a4d6ed69f93b9,9f03450256a85ee37da2a5cab44fadbdacd30015a77c94543f6cdf6d250d5a09,data/raw/bracot/bracot-data/train/train_annotation_coco.json
bracot,20190831_163800,data/raw/bracot/bracot-data/train/20190831_163800.jpg,4032,3024,treino,6,0.5226,2019-08-31T16:38:00,20190831_163800,48e0d981c1ed1277066b47e0706ccda808822ccf5c88551ee0af5528602aadd5,fc87ec04d0f4b19b1b935e71ea99fbc52b0e7d6979742f16e2144085cf82544a,data/raw/bracot/bracot-data/train/train_annotation_coco.json
bracot,20190831_163818,data/raw/bracot/bracot-data/test/20190831_163818.jpg,4032,3024,teste,4,0.5771,2019-08-31T16:38:18,20190831_163818,d4d71d82be3d0537283320c5605e4f4e112535c70e7d97db5297b07e0c426cc7,8df0db54b329338e5bc259d47358769556814d616f0b40644c69877b73622f6f,data/raw/bracot/bracot-data/test/test_annotation_coco.json
bracot,20190831_163820,data/raw/bracot/bracot-data/train/20190831_163820.jpg,4032,3024,treino,4,0.6163,2019-08-31T16:38:20,20190831_163818,d13efd5ff349627baa59c90029bfd607430ce8acc3f888673939d3cce99a0628,ebc6c6013cef7c58ff5334183f0bae33803c25cb06a68b1e19ad32c0da6ce7e4,data/raw/bracot/bracot-data/train/train_annotation_coco.json
bracot,20190831_163827,data/raw/bracot/bracot-data/train/20190831_163827.jpg,4032,3024,treino,4,0.3648,2019-08-31T16:38:27,20190831_163818,e845e9235866698b8f5a787f9b248681869339d5dde19de10706ad9dbe0dfc29,ecfcb52591c3279f7c70f8837b574a50a0173544a0f593958acdb9e65722784a,data/raw/bracot/bracot-data/train/train_annotation_coco.json
bracot,20190831_163831,data/raw/bracot/bracot-data/train/20190831_163831.jpg,4032,3024,treino,6,0.4333,2019-08-31T16:38:31,20190831_163818,138186954d74237f210aae5a25828042b10adfaddd6b03c6ef9f9626241bc575,ce91f89f636f9fc9895b5a04bcc5e9381b37a003fb034af2f8a40c531aaea5a1,data/raw/bracot/bracot-data/train/train_annotation_coco.json
bracot,20190831_163906,data/raw/bracot/bracot-data/train/20190831_163906.jpg,4032,3024,treino,3,0.2212,2019-08-31T16:39:06,20190831_163906,8c5d40bf3361040c7c1b275a842278a062d59bea477192ea937344f8989bae94,94bac26f198d08916644d89ec339ccbe719ef599b2646304c734bf27270f768d,data/raw/bracot/bracot-data/train/train_annotation_coco.json
bracot,20190831_163945,data/raw/bracot/bracot-data/train/20190831_163945.jpg,4032,3024,treino,4,0.4163,2019-08-31T16:39:45,20190831_163945,0455462f50d6769e98c915e66a500b38068b954fcb448906603268a6a5ec3d78,ed9d9be2b036203c67c3c10f735c26002e3e6e302c307deb74615cd35d87f1ce,data/raw/bracot/bracot-data/train/train_annotation_coco.json
bracot,20190831_163946,data/raw/bracot/bracot-data/train/20190831_163946.jpg,4032,3024,treino,5,0.5825,2019-08-31T16:39:46,20190831_163945,2dcd93352b2b4378e69b93d1747865bb631ae5b73baa786abaec27ded570c750,c9ce906d610ac750fe080d4bbb58b2d635fce43164d66d83794e1b5a5c728d79,data/raw/bracot/bracot-data/train/train_annotation_coco.json
bracot,20190831_163948,data/raw/bracot/bracot-data/train/20190831_163948.jpg,4032,3024,treino,4,0.6403,2019-08-31T16:39:48,20190831_163945,2b730630d818c5f7d55d4838511c455dce7130c59aede2364a1571b18bcad054,e52ca5d2ba54d9aaf160c20b142f98f63bc1dfc9ff31976633a20b801e14fb23,data/raw/bracot/bracot-data/train/train_annotation_coco.json
bracot,20190831_164006,data/raw/bracot/bracot-data/test/20190831_164006.jpg,4032,3024,teste,3,0.3508,2019-08-31T16:40:06,20190831_164006,f28ff133d8e498dfcddd0fd94af663e3ff2527e2858d2d1da04c509eda3d14d7,faa5e5289a389a54fa20bb81856202622880db50b5f50bfc6ff8fae47ad5eb2d,data/raw/bracot/bracot-data/test/test_annotation_coco.json
bracot,20190831_164042,data/raw/bracot/bracot-data/train/20190831_164042.jpg,4032,3024,treino,7,0.2404,2019-08-31T16:40:42,20190831_164042,413569d6f2c515f2ba75faa06ce1e6f31fe8d7d4deb37000be91e8a0f0a55a77,be5148a982976fb47b40f6aae823923d039171d8b3dd6fd6ae60c4c74867c22d,data/raw/bracot/bracot-data/train/train_annotation_coco.json
bracot,20190831_164051,data/raw/bracot/bracot-data/train/20190831_164051.jpg,4032,3024,treino,4,0.3215,2019-08-31T16:40:51,20190831_164042,7ceed12ba76184c4bd7396a7ab22654811a26cda3153ea63d04b58abfc7ecf31,f00317a62bf185eb6a28d01b4fff7ec0140486adcbabebd2faf8a8b8e8421a56,data/raw/bracot/bracot-data/train/train_annotation_coco.json
bracot,20190831_164100,data/raw/bracot/bracot-data/train/20190831_164100.jpg,4032,3024,treino,7,0.6490,2019-08-31T16:41:00,20190831_164042,0f71210f24d7eaeab646087061e4e8c382747819c37f441d4c0dbcdbf063fcd2,956e0dbd6e13315c01eb1a541f9f8a5f1c1e15831cbf893f198338c826bd7f41,data/raw/bracot/bracot-data/train/train_annotation_coco.json
bracot,20190831_164102,data/raw/bracot/bracot-data/train/20190831_164102.jpg,4032,3024,treino,9,0.3855,2019-08-31T16:41:02,20190831_164042,dadeee2eea14a5db47c8b98945e9a4e72e8758d0b39b80d8b5df9627100de2c8,eda1c84888bfb02dbaffeb47af76ed52d6ec5fd2288d29ab51710627114a00c8,data/raw/bracot/bracot-data/train/train_annotation_coco.json
bracot,20190831_164127,data/raw/bracot/bracot-data/train/20190831_164127.jpg,4032,3024,treino,4,0.4875,2019-08-31T16:41:27,20190831_164127,6f58ffa6da46ff326ac1201fbcdaea53d2901e2a368b96a4ded64b06a15f1cb1,cf8bc513f191f9b02bc6ea072a117713557ae2e002f9055fd56a5f6a42184bf9,data/raw/bracot/bracot-data/train/train_annotation_coco.json
bracot,20190831_164144,data/raw/bracot/bracot-data/train/20190831_164144.jpg,4032,3024,treino,5,0.3757,2019-08-31T16:41:44,20190831_164144,097ea9c90c5c9a667dc02c697d588c1644c55af2547030be71e0cd98ef69b916,f8abe1791f5d108034381de1e0311189cac6b6ff6cdda4f6d29daeb43c980b95,data/raw/bracot/bracot-data/train/train_annotation_coco.json
bracot,20190831_164159,data/raw/bracot/bracot-data/train/20190831_164159.jpg,4032,3024,treino,4,0.5711,2019-08-31T16:41:59,20190831_164159,26522a2412ef0aa6c98d5be1c58dbf02269a3d92d3975a8273e0b9827eed6f80,d7f2cfac999696211162eb722229a2c86a9cf8d4decfb561cdae82d8fa114076,data/raw/bracot/bracot-data/train/train_annotation_coco.json
bracot,20190831_164207,data/raw/bracot/bracot-data/train/20190831_164207.jpg,4032,3024,treino,5,0.5012,2019-08-31T16:42:07,20190831_164159,832f892ca25a585fd4bc932f5947776c633a5e19c8eef715f92a892b88d1598e,d1eb978c2063d27f299e4f868ebb6b99396de405997e01d51d08cc1d730a68e9,data/raw/bracot/bracot-data/train/train_annotation_coco.json
bracot,20190831_164226,data/raw/bracot/bracot-data/test/20190831_164226.jpg,4032,3024,teste,2,0.4704,2019-08-31T16:42:26,20190831_164226,a8a2525a4e745172fdb601d56740aaa42f107344c921959f37314380a200191e,9d411c6729845780417903555e7957a9e26332fb720c27f76703e47d7aaa7786,data/raw/bracot/bracot-data/test/test_annotation_coco.json
bracot,20190831_164230,data/raw/bracot/bracot-data/train/20190831_164230.jpg,4032,3024,treino,4,0.4776,2019-08-31T16:42:30,20190831_164226,42a58074ef8f21236785731fb3da0588a0947a7846315567983a43f1cfda5f9f,842b8be525ba044f758c6eeb38ae6aa02e6560d189e7610c99e76ccc5fad783e,data/raw/bracot/bracot-data/train/train_annotation_coco.json
bracot,20190831_164238,data/raw/bracot/bracot-data/train/20190831_164238.jpg,4032,3024,treino,6,0.4827,2019-08-31T16:42:38,20190831_164226,e8b6a549e7d3dd2a179da3bec59065d5b7a5f0d908f4020b3339443cecb4044f,d86b5a59037027ee0b09d0b4eed736c7e15ecc20ede892dc329cebb40a1976d2,data/raw/bracot/bracot-data/train/train_annotation_coco.json
bracot,20190831_164246,data/raw/bracot/bracot-data/train/20190831_164246.jpg,4032,3024,treino,2,0.4443,2019-08-31T16:42:46,20190831_164226,d7bdd008b0986ad92b0aaed77c960e9d8e2ae53a89731b605f4d0494ffca8dff,e6c2264c9a6551ff09d021e5b12669768bdf774afd2626a46c078836e1db17d1,data/raw/bracot/bracot-data/train/train_annotation_coco.json
bracot,20190831_164255,data/raw/bracot/bracot-data/train/20190831_164255.jpg,4032,3024,treino,4,0.6730,2019-08-31T16:42:55,20190831_164226,2bc8ccfea057103842fa9099929dd77694738edbccb28e9917460df78689a6b2,976aa8077989e76a781737c8673b168c26d4d613d4ac4eb49bd7588609aec8a7,data/raw/bracot/bracot-data/train/train_annotation_coco.json
bracot,20190831_164308,data/raw/bracot/bracot-data/train/20190831_164308.jpg,4032,3024,treino,3,0.5881,2019-08-31T16:43:08,20190831_164308,6752eaa68ac9ffa623a3c0f5d98eebd230de8aeac9800105f4b555cebaab1002,db0bae2e8022d92b7467d700043195e410cf37e7d93467d856db5cc8f534877d,data/raw/bracot/bracot-data/train/train_annotation_coco.json
bracot,20190831_164341,data/raw/bracot/bracot-data/train/20190831_164341.jpg,4032,3024,treino,6,0.3587,2019-08-31T16:43:41,20190831_164341,bf66dff4b896b99394e376b86e6a4df928e4b24f4c41834cadb5a8d814d0c526,f12b9ce00ed878714da7bb0c225801e9cf8a33b4fe0ffcd8819d373c856d1cf0,data/raw/bracot/bracot-data/train/train_annotation_coco.json
bracot,20190831_164358,data/raw/bracot/bracot-data/train/20190831_164358.jpg,4032,3024,treino,5,0.4922,2019-08-31T16:43:58,20190831_164358,783888157ac7622a36098c8b265d12f52c05697444d36c7d8a65cd156803a76e,c020836f17cbbcd439163079a1d6af6ea4e9e1716bc815321a95e3d21b0f5fd6,data/raw/bracot/bracot-data/train/train_annotation_coco.json
bracot,20190831_164404,data/raw/bracot/bracot-data/test/20190831_164404.jpg,4032,3024,teste,5,0.3669,2019-08-31T16:44:04,20190831_164358,2fde6587768ce1777f1f7581c99b0e74442f97a0c14921a6881800c8f4d57fa0,f3f32170a5ab5624bcd637556ba0fd4634b34525540438f42f9a530c6df68d3a,data/raw/bracot/bracot-data/test/test_annotation_coco.json
bracot,20190831_164415,data/raw/bracot/bracot-data/train/20190831_164415.jpg,4032,3024,treino,2,0.3146,2019-08-31T16:44:15,20190831_164415,57d9225d488cca6870f90ce8e229e25e9a24a8e971ae5cd04b4387d77fd3cc70,a7ed5a26799321762b06a5bd8770eca5a4b92acba8c4bb42715a152adc6b74b1,data/raw/bracot/bracot-data/train/train_annotation_coco.json
bracot,20190831_164431,data/raw/bracot/bracot-data/train/20190831_164431.jpg,4032,3024,treino,6,0.4627,2019-08-31T16:44:31,20190831_164431,40e262598e3e78f2010eac11baa71a9ee62b79cf517ac82ef34d049674a95a08,8a1c979e35cfc7c7836346ee187ec079c18df5860d9a31394b673a83f4c4bcc0,data/raw/bracot/bracot-data/train/train_annotation_coco.json
bracot,20190831_164445,data/raw/bracot/bracot-data/train/20190831_164445.jpg,4032,3024,treino,10,0.3020,2019-08-31T16:44:45,20190831_164445,f36083eab7f5333fc3a74059e8aa5dd7c25a118595b869b952b21574d7929af8,8cd17c85d025270136fcbc62c1bdb9f24243d3eeba9e03235bb6238ebc1987f8,data/raw/bracot/bracot-data/train/train_annotation_coco.json
bracot,20190831_164447,data/raw/bracot/bracot-data/train/20190831_164447.jpg,4032,3024,treino,7,0.4455,2019-08-31T16:44:47,20190831_164445,95ee6fe73ad043e800180b9960eee52b3b286022bc53e2fc0f1df8fdcec289a1,d07b5ad6d628c7aaa3d6925358ad85a9f7c0ccf40a003eafe397c30086e37af8,data/raw/bracot/bracot-data/train/train_annotation_coco.json
bracot,20190831_164502,data/raw/bracot/bracot-data/train/20190831_164502.jpg,4032,3024,treino,4,0.4415,2019-08-31T16:45:02,20190831_164502,334aed62054939bf7253a8327da5b01689002f12e616fbb1ec8c5ea1e758213f,9106cac35ee9b5024d9250fdc344027ca3312f39366dbecd9eeedca6484dd25b,data/raw/bracot/bracot-data/train/train_annotation_coco.json
bracot,20190831_164512,data/raw/bracot/bracot-data/test/20190831_164512.jpg,4032,3024,teste,5,0.4828,2019-08-31T16:45:12,20190831_164502,018c2950b6a65ae986caa63ca6f8096cee0e4f9d247aa11d55071049094f82b6,a2695f497ea4d3b6681be0996cda8ec1fd6e9332e91a240a894fbf6215e780d1,data/raw/bracot/bracot-data/test/test_annotation_coco.json
bracot,20190831_164517,data/raw/bracot/bracot-data/train/20190831_164517.jpg,4032,3024,treino,5,0.3671,2019-08-31T16:45:17,20190831_164502,cf237337bd3a2f1528ca57befc050d09fd698a1c4db0af9d90393c06ab74940b,a2f98ad3fc5ee10fdc297f82261818a30963cca8f480fb28265dccb8887577ef,data/raw/bracot/bracot-data/train/train_annotation_coco.json
bracot,20190831_164529,data/raw/bracot/bracot-data/train/20190831_164529.jpg,4032,3024,treino,3,0.4652,2019-08-31T16:45:29,20190831_164529,23256d91ee8ee7f7b8daa9b73a8a5300894682449a2b884b0072e8ad2804fd78,8b991de93291254d57b1fc5e89ebf365c3e322eb229b3b2062696f23c40d261d,data/raw/bracot/bracot-data/train/train_annotation_coco.json
bracot,20190831_164541,data/raw/bracot/bracot-data/train/20190831_164541.jpg,4032,3024,treino,5,0.3876,2019-08-31T16:45:41,20190831_164541,370411e9305fe30f9b97e1850b0b663375eddd421f13d0153c967589337a7353,b6052d482597cbb649ab140e516ab729794efbc7bbc5a61e2c2918ab8ad2732b,data/raw/bracot/bracot-data/train/train_annotation_coco.json
bracot,20190831_164556,data/raw/bracot/bracot-data/train/20190831_164556.jpg,4032,3024,treino,11,0.5639,2019-08-31T16:45:56,20190831_164556,2e3a114da27015aabe6f958121024ccf5ca44cec1fe1fd8938d1d7fa85f33077,9e887706e33a00f5c6d8cbcf509395bb13f6239879a531748fc4d94f0064b4fb,data/raw/bracot/bracot-data/train/train_annotation_coco.json
bracot,20190831_164633,data/raw/bracot/bracot-data/train/20190831_164633.jpg,4032,3024,treino,6,0.3969,2019-08-31T16:46:33,20190831_164633,af84cd9ea254de56e50da4d936538f22648a3af385a6df8f2ce01b0154a3610d,ec762c3d12832d5da50fd1d6ff23d00b00e90eca64eedbf1bb81806b2dc40e9f,data/raw/bracot/bracot-data/train/train_annotation_coco.json
bracot,20190831_164643,data/raw/bracot/bracot-data/train/20190831_164643.jpg,4032,3024,treino,2,0.4118,2019-08-31T16:46:43,20190831_164633,7a445e9c01657bee7be4b70893547a580451f5aa50d79904eb71497b95965672,9c98491d30aec8774628fb6d6701233dfdc4b54959c402bbf87599e12b7394ea,data/raw/bracot/bracot-data/train/train_annotation_coco.json
bracot,20190831_164649,data/raw/bracot/bracot-data/train/20190831_164649.jpg,4032,3024,treino,5,0.3564,2019-08-31T16:46:49,20190831_164633,c3a1cfdff1031485b407e7f26ac8eef437f823a79afd1cc5e34338d52e1839bc,b7235e46484d28daff52edb5af6a1524f47ac6bc831d4e1a78656ae28c90cf10,data/raw/bracot/bracot-data/train/train_annotation_coco.json
bracot,20190831_164710,data/raw/bracot/bracot-data/train/20190831_164710.jpg,4032,3024,treino,5,0.4115,2019-08-31T16:47:10,20190831_164710,d5dac324dfdc5d4852140dc08cbd4acd30733c3d528222740f668969eaed1732,d9a006aa3a63abac6f8a4fe6af153070d2c18fa494c4c307ef3ca736729061ff,data/raw/bracot/bracot-data/train/train_annotation_coco.json
bracot,20190831_164725,data/raw/bracot/bracot-data/train/20190831_164725.jpg,4032,3024,treino,8,0.4435,2019-08-31T16:47:25,20190831_164725,1b223a8004d6b86b33bbda98fdff56a8673c40d02d77fe6a969c9a1d478c566a,86f83988d12763ac6e1884db95b363344c79ce73cc040d248b7ce35b7f978f1c,data/raw/bracot/bracot-data/train/train_annotation_coco.json
bracot,20190831_164735,data/raw/bracot/bracot-data/train/20190831_164735.jpg,4032,3024,treino,5,0.3978,2019-08-31T16:47:35,20190831_164725,4f42571a0867a14fd84bf2ac284b1d8f1ae8d604370123bde0d8234c3c0ce4f4,87aaf7076e3cc4f0a1e30ebe105e394aa3054b01d891d95507f906a7fc96f7ca,data/raw/bracot/bracot-data/train/train_annotation_coco.json
bracot,20190831_164812,data/raw/bracot/bracot-data/train/20190831_164812.jpg,4032,3024,treino,2,0.4042,2019-08-31T16:48:12,20190831_164812,c29cfa34ef1447f3e7a6d4f25beec195a30f5e8adb3a6212445575ee8fdeb781,c6c6d88a1f2c3d2660ea61fb7be03384a3d426c06f837e9ec7a64a423f8df823,data/raw/bracot/bracot-data/train/train_annotation_coco.json
bracot,20190831_164816,data/raw/bracot/bracot-data/train/20190831_164816.jpg,4032,3024,treino,4,0.4638,2019-08-31T16:48:16,20190831_164812,1859cfefbfae4a363640996b95f595707261a0148568821e3151f3b0b3f6e825,aea4d69bb38b2feb097b4c6ad0de7a0d96935e0982e851a849217644e69f57c8,data/raw/bracot/bracot-data/train/train_annotation_coco.json
bracot,20190831_164825,data/raw/bracot/bracot-data/train/20190831_164825.jpg,4032,3024,treino,7,0.4153,2019-08-31T16:48:25,20190831_164812,a52450f05240a74211997ee93f218577c919b20093e1b2a37a68cb32327bc512,fb92dfa62ad62fa4f2c6235fa74105d0274f15e64d68ad2ab04d7248212ed5d5,data/raw/bracot/bracot-data/train/train_annotation_coco.json
bracot,20190831_164837,data/raw/bracot/bracot-data/train/20190831_164837.jpg,4032,3024,treino,4,0.3724,2019-08-31T16:48:37,20190831_164837,653df74f4243d5cbad4f7da092fe553869eeb2ac3965ea5b9739a75eaaa9f4c6,c06317653ff84014b72068ceeea99c63c52c1533c2b18eabdad6cf215bbcf70c,data/raw/bracot/bracot-data/train/train_annotation_coco.json
bracot,20190831_164841,data/raw/bracot/bracot-data/train/20190831_164841.jpg,4032,3024,treino,4,0.5353,2019-08-31T16:48:41,20190831_164837,aa6b821426c9b58e49672dffebd3b1d2a033609a566d7705caa72ade2eb8e518,dc3c91c137a76c3ed38364df5df166506e40da178e7dbcdf8ce62c2018a89a22,data/raw/bracot/bracot-data/train/train_annotation_coco.json
bracot,20190831_164845,data/raw/bracot/bracot-data/train/20190831_164845.jpg,4032,3024,treino,3,0.3305,2019-08-31T16:48:45,20190831_164837,1b6dd873c7d2421844fa469ec01e798a29a1cc9d04db87b35443e6d1dea37cbe,c3e68b508cd135d6c3fef426bc6433dd15900cb0e1cf701b76384fe11dcc3a8e,data/raw/bracot/bracot-data/train/train_annotation_coco.json
bracot,20190831_164920,data/raw/bracot/bracot-data/test/20190831_164920.jpg,4032,3024,teste,7,0.2974,2019-08-31T16:49:20,20190831_164920,daecfaa07270d5154a6dd8085872e024a98066df5ea2defbcc0a8c49ea96029e,c3a576827f2adc02784ee1bdfcf5171fb4d0d2450b2e89b6039797280f1c6e29,data/raw/bracot/bracot-data/test/test_annotation_coco.json
bracot,20190831_164921,data/raw/bracot/bracot-data/train/20190831_164921.jpg,4032,3024,treino,8,0.3270,2019-08-31T16:49:21,20190831_164920,d844e6b7a654f81ac4b4b7787aee4321b4e35e327849a65500504658114fb4c9,c3b776827f2adc00784ee1bdfcd5370fb4d8d2450b2789aa019797ac0f1c2e29,data/raw/bracot/bracot-data/train/train_annotation_coco.json
bracot,20190831_164926,data/raw/bracot/bracot-data/train/20190831_164926.jpg,4032,3024,treino,4,0.3481,2019-08-31T16:49:26,20190831_164920,d5820182ebba7d6882502c08f8045cb32878eb17ae0bf291f9764a0e995dfe72,e9fcbe213ac0e19953b08fc8bc4db1bbf26ec24d2e1ee1e287192470e0cfc51c,data/raw/bracot/bracot-data/train/train_annotation_coco.json
bracot,20190831_164937,data/raw/bracot/bracot-data/train/20190831_164937.jpg,4032,3024,treino,5,0.5380,2019-08-31T16:49:37,20190831_164937,7d06b809b6564cd65796a698009d86c182a6db70dacb2835316cc4ac625af818,86c5993323a3adcf185932c0b9fe23f83d8b312551dc738b2b86977ef0558b82,data/raw/bracot/bracot-data/train/train_annotation_coco.json
bracot,20190831_164946,data/raw/bracot/bracot-data/train/20190831_164946.jpg,4032,3024,treino,6,0.3450,2019-08-31T16:49:46,20190831_164937,8e80c3c102b4daed48b644864fa37c57c42a53cd80745961225763c5a4f476c3,f0adc9112ebb10ea986490b0cde95e9b8252fe79e17897a1852bc00f79e62fc7,data/raw/bracot/bracot-data/train/train_annotation_coco.json
bracot,20190831_164956,data/raw/bracot/bracot-data/train/20190831_164956.jpg,4032,3024,treino,6,0.4413,2019-08-31T16:49:56,20190831_164937,d986212e2b678b2494413254542494894d739394d07fadd905eb834ca1aef289,8afe16ae6ce4a503640b9550f15e8ec42a4731a3d7637c4b9175fe9f0c29d0e5,data/raw/bracot/bracot-data/train/train_annotation_coco.json
bracot,20190831_165002,data/raw/bracot/bracot-data/train/20190831_165002.jpg,4032,3024,treino,4,0.3326,2019-08-31T16:50:02,20190831_164937,8fa3fe55b56067c4f768564a1a0b9c5719bff588e6fa77a85c371be553d9fb16,988706096f159d2a7089ea35c558c9fb58aa11d819f82dcceaf46d7c32ec76cd,data/raw/bracot/bracot-data/train/train_annotation_coco.json
bracot,20190831_165005,data/raw/bracot/bracot-data/train/20190831_165005.jpg,4032,3024,treino,5,0.3386,2019-08-31T16:50:05,20190831_164937,b8418033a5c01dc9f2bc2622e09c20a82ac1543b5abcb37fd333716a8dcfe78b,baad774d04c9fd179356d81ac5b2884dc49518d88ebf2b9262ad8ac60bc85ebd,data/raw/bracot/bracot-data/train/train_annotation_coco.json
bracot,20190831_165013,data/raw/bracot/bracot-data/test/20190831_165013.jpg,4032,3024,teste,5,0.4691,2019-08-31T16:50:13,20190831_164937,ef9de423213f1a1857df47ba3ce64289a1b320a10434f4df3f92572ffcae5fa9,9664b93025b9464f7900673b6f774e286ef1a0d3e05fee158f738e129448cfe0,data/raw/bracot/bracot-data/test/test_annotation_coco.json
bracot,20190831_165024,data/raw/bracot/bracot-data/train/20190831_165024.jpg,4032,3024,treino,4,0.5170,2019-08-31T16:50:24,20190831_165024,0f0bbc7bb433da8f25503304f0f807c7f4ca96b63bc074338b8b05705d7e06ed,80cb8991406869dc71e0f7888619c4718cf33f1f7cbce1a1ac85fce7bf8c178d,data/raw/bracot/bracot-data/train/train_annotation_coco.json
bracot,20190831_165027,data/raw/bracot/bracot-data/train/20190831_165027.jpg,4032,3024,treino,4,0.3112,2019-08-31T16:50:27,20190831_165024,98e0aae02018ec30947d80097f3d498ec746da397d4800ef0cb2c9080637f0a8,d3a99e603e64b3d3844bc76246199a438c063ebac9b4ba88bb8dac99f22f2ddc,data/raw/bracot/bracot-data/train/train_annotation_coco.json
bracot,20190831_165041,data/raw/bracot/bracot-data/train/20190831_165041.jpg,4032,3024,treino,3,0.1913,2019-08-31T16:50:41,20190831_165041,57183d7c002556cc4a90a4ff2c58143a67a4aed955bc223f72fad2274cf0060c,ddc8401ee3114ff2ddcc33f0b00712a3224a462b43bdceff5eaf1fa1f067c0a2,data/raw/bracot/bracot-data/train/train_annotation_coco.json
bracot,20190831_165044,data/raw/bracot/bracot-data/train/20190831_165044.jpg,4032,3024,treino,5,0.3393,2019-08-31T16:50:44,20190831_165041,48502b92055bf33ec7a7ec9175c99713024845d9f5c28522a909effee36076f9,cb4ffa0f8fc51c82749ec19f9518edb0a150a7f462952eb2e2eca2aba0caf780,data/raw/bracot/bracot-data/train/train_annotation_coco.json
bracot,20190831_165051,data/raw/bracot/bracot-data/train/20190831_165051.jpg,4032,3024,treino,3,0.2357,2019-08-31T16:50:51,20190831_165041,9bbecc8633ccaebc20a157510d33343f5dc291f0b2fd1f20529d355e0c52e608,d8d6c77b2f311c4a7b63997554a0e092e2d246abb83641d2438f19191f999bf5,data/raw/bracot/bracot-data/train/train_annotation_coco.json
bracot,20190831_165057,data/raw/bracot/bracot-data/train/20190831_165057.jpg,4032,3024,treino,4,0.3601,2019-08-31T16:50:57,20190831_165041,7d465a23bdf7e82c9a0fbd16f7bc71ce2ea757c2c300bd632760d4bf72bf4431,adf594ef4b4d2d207134e37a9508d6a2de1b9cbd18f60948a5203467a56b75ad,data/raw/bracot/bracot-data/train/train_annotation_coco.json
bracot,20190831_165105,data/raw/bracot/bracot-data/train/20190831_165105.jpg,4032,3024,treino,4,0.5056,2019-08-31T16:51:05,20190831_165041,218bd2991e35e05fada90214a336153a206a539b74e29b38524fdbe224d334ed,f2d58b5d3973652d4cade693c8596976a9d241ca8198569311e63c6f307a2c6b,data/raw/bracot/bracot-data/train/train_annotation_coco.json
bracot,20190831_165110,data/raw/bracot/bracot-data/train/20190831_165110.jpg,4032,3024,treino,4,0.2261,2019-08-31T16:51:10,20190831_165041,938a23a40921408062253e9f71787faeb5ef9f6199d9142738be187d50770107,a6c9cd0f45b2528159be4a30ed2798a3cca518f43e226f28eb5def14c135d8d7,data/raw/bracot/bracot-data/train/train_annotation_coco.json
bracot,20190831_165120,data/raw/bracot/bracot-data/test/20190831_165120.jpg,4032,3024,teste,3,0.3166,2019-08-31T16:51:20,20190831_165041,0fb25e43a0455138f3ea402a97aee72a3e1d403ffa88389d2382801b31f2f58f,c108783609c7303eb8bf90a597db4ce5e6f16961f56d2708c34e818745fa84ff,data/raw/bracot/bracot-data/test/test_annotation_coco.json
bracot,20190831_165129,data/raw/bracot/bracot-data/train/20190831_165129.jpg,4032,3024,treino,3,0.2452,2019-08-31T16:51:29,20190831_165041,67c317eb232def07d6e596f058697bf09e1acf35882380a8e7676bd46803f3b4,8c72232c112579efd899f5fdc39b03c5c30712d3bfe3447a87410ff04ebb5007,data/raw/bracot/bracot-data/train/train_annotation_coco.json
bracot,20190831_165134,data/raw/bracot/bracot-data/train/20190831_165134.jpg,4032,3024,treino,5,0.4345,2019-08-31T16:51:34,20190831_165041,649d709ee28f723bc55d9f4aa2973912394b8e08c2c749cdb82df51cc2476638,8c78af75f5987b8d48a6223ba81d04a6d6a3f22d55f7d60856995a8a427d17c5,data/raw/bracot/bracot-data/train/train_annotation_coco.json
bracot,20190831_165148,data/raw/bracot/bracot-data/train/20190831_165148.jpg,4032,3024,treino,4,0.4390,2019-08-31T16:51:48,20190831_165148,06474ea31688d41e1b4594adfbbe63dda03a504d6d8ec36a03879f323d8f57f0,8c2c3453605b116a07a5f8fe47740b15c14c7bb0e1e711a2781f5fd1fb3b2dc6,data/raw/bracot/bracot-data/train/train_annotation_coco.json
bracot,20190831_165153,data/raw/bracot/bracot-data/train/20190831_165153.jpg,4032,3024,treino,6,0.4931,2019-08-31T16:51:53,20190831_165148,16e670d274c13bbdbbef785554f973735ab1593e772c176dfd2c37d09118db2a,9ce18a34bc0a7d7507b9e5c2a52316a922c4753a6e9b7200fd1017e056fdf2bf,data/raw/bracot/bracot-data/train/train_annotation_coco.json
bracot,20190831_165211,data/raw/bracot/bracot-data/train/20190831_165211.jpg,4032,3024,treino,5,0.3393,2019-08-31T16:52:11,20190831_165211,3f62af7dcbfd96538c597b93dee713dd61b88bc042802d0d447a3fd137dcfb5c,9a7f918467057a39ee904e3320e4ee86f40dfcc73cdc44dc879cc89f90c4547b,data/raw/bracot/bracot-data/train/train_annotation_coco.json
bracot,20190831_165216,data/raw/bracot/bracot-data/train/20190831_165216.jpg,4032,3024,treino,5,0.5516,2019-08-31T16:52:16,20190831_165211,63847fa8c10b13049f907bce81a9a1ad32d4bb4573bfacccf0d86cd3fc38e2d9,dd9609acd60defc398e08b1919ece6bf696b9e37437c325b349e2849158984d8,data/raw/bracot/bracot-data/train/train_annotation_coco.json
bracot,20190831_165220,data/raw/bracot/bracot-data/train/20190831_165220.jpg,4032,3024,treino,5,0.3888,2019-08-31T16:52:20,20190831_165211,f66c3cae677c196a8c1ccaada35dcf098867c3398ddece3c21c87da1d32c7624,fe269b8c82de06a69cf279b7360cdb28e1030edb584464769df2912dc0e9cbd5,data/raw/bracot/bracot-data/train/train_annotation_coco.json
bracot,20190831_165232,data/raw/bracot/bracot-data/test/20190831_165232.jpg,4032,3024,teste,4,0.2972,2019-08-31T16:52:32,20190831_165232,f7604b21d03b9678f82184c379d198d7ef3e840c7bcf2134411feeb733f3fc64,c8a9b05e16d47ec96e0d6c89b07707f6ebe1e44cc45cc9beb978ce641dc81981,data/raw/bracot/bracot-data/test/test_annotation_coco.json
bracot,20190831_165239,data/raw/bracot/bracot-data/train/20190831_165239.jpg,4032,3024,treino,3,0.3836,2019-08-31T16:52:39,20190831_165232,66f036489a438e191cd66555b5bb2b1945ed3a34d47e882dc3876c8da65c0de8,d1cd16bc4ea43847bc5e708a9a9c7310b987c50bb71fd18ee79c4a38cfc0a713,data/raw/bracot/bracot-data/train/train_annotation_coco.json
bracot,20190831_165255,data/raw/bracot/bracot-data/train/20190831_165255.jpg,4032,3024,treino,8,0.3496,2019-08-31T16:52:55,20190831_165255,79719c7117817b9399d3d41dd38bfeab92a6a42f1be271c416729888f25e8a06,942a5dab3cd8d377d33b597ee1a5e697aef6c2d01b09518523862e12c0d21e47,data/raw/bracot/bracot-data/train/train_annotation_coco.json
bracot,20190831_165300,data/raw/bracot/bracot-data/train/20190831_165300.jpg,4032,3024,treino,6,0.4856,2019-08-31T16:53:00,20190831_165255,1058b6add651b8c6f1b11db7fa9d49ff03c0151130720bb383a4158751469029,d902102a37493f4dfc7670d780ffc3ef43ec42ccaeb26cd0b22f854f805d889d,data/raw/bracot/bracot-data/train/train_annotation_coco.json
bracot,20190831_165310,data/raw/bracot/bracot-data/train/20190831_165310.jpg,4032,3024,treino,4,0.3629,2019-08-31T16:53:10,20190831_165255,46d0272e45c719ec9ec075907ad6c2ee41133caff505a4aeed120ac2305af064,f8c901ac13146263644e1eceda596f5f579a33bf698eb5f34c761430560e2a2e,data/raw/bracot/bracot-data/train/train_annotation_coco.json
bracot,20190831_165315,data/raw/bracot/bracot-data/train/20190831_165315.jpg,4032,3024,treino,10,0.3865,2019-08-31T16:53:15,20190831_165255,19af1cdd8ade439354c08cb8f51725a7078d6337a55dd75740bf1541890075eb,c6258d57b4c755b9158016b6ffd2fa2ee44958a9cb019e23d2a27759552ed08d,data/raw/bracot/bracot-data/train/train_annotation_coco.json
bracot,20190831_165333,data/raw/bracot/bracot-data/train/20190831_165333.jpg,4032,3024,treino,3,0.4007,2019-08-31T16:53:33,20190831_165333,f7ded10f07c102aff0626825841d5e192e423de8daa2a4004f8e15f0556c0fc5,ca629373658bc04e2ac7ece157b667b07e137aa3b845b54e9d433045b9cb910b,data/raw/bracot/bracot-data/train/train_annotation_coco.json
bracot,20190831_165340,data/raw/bracot/bracot-data/train/20190831_165340.jpg,4032,3024,treino,6,0.6674,2019-08-31T16:53:40,20190831_165333,8276d4ba53fb0f1bff717264fe98f5483c5d2ddaf4247c3b145543a40672f0f7,a2de115da1851f0a6f71678c1078d3e1cdd2e4d723cff32d0b22fc100eede645,data/raw/bracot/bracot-data/train/train_annotation_coco.json
bracot,20190831_165349,data/raw/bracot/bracot-data/train/20190831_165349.jpg,4032,3024,treino,3,0.3065,2019-08-31T16:53:49,20190831_165333,13ca1a11c70e3467ebdb7d1b4dbef147e880cc44c52eb8ec23167cad0b039ec5,d6293ad649dd3621ab4785f7464852a7ae5b1c6b35b833f20ab5f2127b460e46,data/raw/bracot/bracot-data/train/train_annotation_coco.json
bracot,20190831_165410,data/raw/bracot/bracot-data/train/20190831_165410.jpg,4032,3024,treino,4,0.2171,2019-08-31T16:54:10,20190831_165410,141e99af17775a79ca53d0fa4be6d8150034b4cbeabb4f6dcff30c11a05b8ad5,ce50837735075fbc4837624963f26700c6475f4a7fbf00bf00f01ff12ceaba82,data/raw/bracot/bracot-data/train/train_annotation_coco.json
bracot,20190831_165434,data/raw/bracot/bracot-data/train/20190831_165434.jpg,4032,3024,treino,5,0.2162,2019-08-31T16:54:34,20190831_165434,7f3babcd9481544f12d90a4bb41cdda91d33e9339647c83115fdf96bd37a97a7,89c9117d676a4d67fc88f301987c2a62d50bf72d39153119d17bd6abec219073,data/raw/bracot/bracot-data/train/train_annotation_coco.json
bracot,20190831_165437,data/raw/bracot/bracot-data/train/20190831_165437.jpg,4032,3024,treino,8,0.4076,2019-08-31T16:54:37,20190831_165434,5be654e37aaf0aa4fadd952bfe59368f2e1a59556a5b4b18d6c60e5963616fef,adf3badb16a5135327661eacc963ca5302f300bec943f52c0c0b0f6fba4752c5,data/raw/bracot/bracot-data/train/train_annotation_coco.json
bracot,20190831_165442,data/raw/bracot/bracot-data/train/20190831_165442.jpg,4032,3024,treino,5,0.3547,2019-08-31T16:54:42,20190831_165434,83a2690bfd09ecab0d2a9978d0af00ebef07c995d80ad2e6000683d9b9a2da4b,c72258426cf804273bb86fa13c057ddf3296615a696be5c8b6e244e5ef6fc203,data/raw/bracot/bracot-data/train/train_annotation_coco.json
bracot,20190831_165444,data/raw/bracot/bracot-data/train/20190831_165444.jpg,4032,3024,treino,9,0.4024,2019-08-31T16:54:44,20190831_165434,14da5fa9e517ba8c5ef2f8e7f3997a46c9e5118db5167baaeb3f21581c7a4238,b790536e46a12a710e471f5ead60601f004fcc7f201685e7f57eafc6f998d81a,data/raw/bracot/bracot-data/train/train_annotation_coco.json
bracot,20190831_165447,data/raw/bracot/bracot-data/train/20190831_165447.jpg,4032,3024,treino,6,0.3393,2019-08-31T16:54:47,20190831_165434,3e51dfa01d360b72bb88de7728b5c61af3a65c2f5b89dab618099229461f4940,84065e6f7a7461c00ebe3ed47d9120cd714d2fb8f59c443ef6610f5cf443407d,data/raw/bracot/bracot-data/train/train_annotation_coco.json
bracot,20190831_165454,data/raw/bracot/bracot-data/train/20190831_165454.jpg,4032,3024,treino,5,0.3169,2019-08-31T16:54:54,20190831_165434,70afeb59615b154aa4c48eb3838cb9a7c93c1787f9ed9a5f480fa637cdbad4a3,c47b394771d04367d51ed2312af68c8110eee0c8aaaea22ff0e9f5366f6cc568,data/raw/bracot/bracot-data/train/train_annotation_coco.json
bracot,20190831_165456,data/raw/bracot/bracot-data/train/20190831_165456.jpg,4032,3024,treino,2,0.2517,2019-08-31T16:54:56,20190831_165434,bb87c23575eed5513d6f0f27956600a2c4cf6aff1e718559c15b19775b6cbd89,ce9c1a0379682354a780f389a79ff606521b38688373417eff69d4b4ab5303d7,data/raw/bracot/bracot-data/train/train_annotation_coco.json
bracot,20190831_165501,data/raw/bracot/bracot-data/train/20190831_165501.jpg,4032,3024,treino,2,0.2326,2019-08-31T16:55:01,20190831_165434,b6d5ce3cd4785d9167156b84c9b43c73b41ea349de3a13bd538b91626364455e,c4f2334873976576e918d116c3ed89710b474ec23ef267a20edf2792a425957c,data/raw/bracot/bracot-data/train/train_annotation_coco.json
bracot,20190831_165513,data/raw/bracot/bracot-data/test/20190831_165513.jpg,4032,3024,teste,3,0.4351,2019-08-31T16:55:13,20190831_165513,48ac32fbdaee8250c33db9633a5e84fa79bdadbeb2e883e76102dfaee6e8df83,861639e0706e60a66594d63e3410564bbdf2bd59c887631da01c0faeb5f9fada,data/raw/bracot/bracot-data/test/test_annotation_coco.json
bracot,20190831_165528,data/raw/bracot/bracot-data/train/20190831_165528.jpg,4032,3024,treino,5,0.2007,2019-08-31T16:55:28,20190831_165528,b80583b5ed0d817c6e993772cf8eeb7776b1484a479e38a646e4276d88975652,d3fc21b6655bf4375c2ede598b320539c15d9f9c2fb1d0562718aa0accca0353,data/raw/bracot/bracot-data/train/train_annotation_coco.json
bracot,20191208_141600,data/raw/bracot/bracot-data/train/20191208_141600.jpg,4032,3024,treino,12,0.2964,2019-12-08T14:16:00,20191208_141600,529f3580d47b96b880b5ce27b4dd5ea8cdc3df8ecda7a940567cdd911dc7d91a,a4318e5bf0d033ade3c05863c21ac05f847efb66df376d0b2c1f0e5c7f056207,data/raw/bracot/bracot-data/train/train_annotation_coco.json
bracot,20191208_141604,data/raw/bracot/bracot-data/train/20191208_141604.jpg,4032,3024,treino,7,0.2766,2019-12-08T14:16:04,20191208_141600,e919fd75d57ca348b99c4e7faafacce5b8b4d3184d7ead7ac467fc59fbc7ca7d,a682c52731fd37f2dfb29e89d4836457821c6159904e7f7ab2f03909bb216d58,data/raw/bracot/bracot-data/train/train_annotation_coco.json
bracot,20191208_141609,data/raw/bracot/bracot-data/train/20191208_141609.jpg,4032,3024,treino,9,0.2259,2019-12-08T14:16:09,20191208_141600,4bc4ef2743c93919b13cbeb2822b4d141dc4c90fde587189371821fbc2fa30f2,ff3cd2caae573519d08771aecd90893aeec26481d3e57d24918e1f1bc30b16b0,data/raw/bracot/bracot-data/train/train_annotation_coco.json
bracot,20191208_141613,data/raw/bracot/bracot-data/test/20191208_141613.jpg,4032,3024,teste,8,0.2603,2019-12-08T14:16:13,20191208_141600,e0c994123debf7e2fa76838fc38df2f3cb88097b9eaf4c2bdf0476f3841723dd,9df3bd16025f4703eb1ac868cc9c92547a5b3673265f59744cf069d8b9a498e1,data/raw/bracot/bracot-data/test/test_annotation_coco.json
bracot,20191208_141616,data/raw/bracot/bracot-data/test/20191208_141616.jpg,4032,3024,teste,7,0.2789,2019-12-08T14:16:16,20191208_141600,e0cc19c7383f2550f3f6e431e6da75cad5830a67b29a04b1cb168cabc870d000,a247a664cea5c32e98ce046719fa88078e7dbe50f718620ad98deacf5289dbe3,data/raw/bracot/bracot-data/test/test_annotation_coco.json
bracot,20191208_141623,data/raw/bracot/bracot-data/test/20191208_141623.jpg,4032,3024,teste,7,0.4505,2019-12-08T14:16:23,20191208_141600,51c2fcbff4530884caf0523f07c16a5f7308a344e9d4cfffeb1353db77e700ec,e87899f544d1d65c9524b86137472a9e2efcb9cc38fdf381c338634962e1d0e4,data/raw/bracot/bracot-data/test/test_annotation_coco.json
bracot,20191208_141627,data/raw/bracot/bracot-data/train/20191208_141627.jpg,4032,3024,treino,7,0.3640,2019-12-08T14:16:27,20191208_141600,823c77bb846b91cbfe3150f70445b049fd946b6b57f1336b1b07e1a90d87a2fe,efa9cc6acd45c439b931b111b4a587b280c46ac1d67cd625a30b283ceb7de69b,data/raw/bracot/bracot-data/train/train_annotation_coco.json
bracot,20191208_141631,data/raw/bracot/bracot-data/train/20191208_141631.jpg,4032,3024,treino,9,0.3600,2019-12-08T14:16:31,20191208_141600,4400e3265bb097ca5b05391af2865be6e5821618832a46be0160f8e7527fc5eb,f59aae73cb10c15312cbdee2b62db6760701677dcab65d0831b8c494d4bc65c4,data/raw/bracot/bracot-data/train/train_annotation_coco.json
bracot,20191208_141637,data/raw/bracot/bracot-data/train/20191208_141637.jpg,4032,3024,treino,8,0.3366,2019-12-08T14:16:37,20191208_141600,726a941b0f64fa16eb9a203a77e4b44996a9b654f79c0b4de5fd74cbdb463d62,eb9ab661f936c999cc4de3f456a28c44663573e6324c1a3fdd48a92461963c3a,data/raw/bracot/bracot-data/train/train_annotation_coco.json
bracot,20191208_141643,data/raw/bracot/bracot-data/train/20191208_141643.jpg,4032,3024,treino,6,0.3098,2019-12-08T14:16:43,20191208_141600,442abea0a1cbac8b511e7c86b1b340352efb78f3671f41ebf6764d9d78e3138b,f8d9c62483bda987a0eb9236e4164b624e71e7e5ebb5b41fad940f10510c57e1,data/raw/bracot/bracot-data/train/train_annotation_coco.json
bracot,20191208_141645,data/raw/bracot/bracot-data/train/20191208_141645.jpg,4032,3024,treino,7,0.3920,2019-12-08T14:16:45,20191208_141600,533b7ba937ef59f94c4083db022fa56f67796068cb218e0cc76cee7c2e1aa5c4,e1b5ae209bd4c2ad2eec79e1850649e6a58f4dbda5922b42322c9629f6f9999a,data/raw/bracot/bracot-data/train/train_annotation_coco.json
bracot,20191208_141650,data/raw/bracot/bracot-data/train/20191208_141650.jpg,4032,3024,treino,6,0.2804,2019-12-08T14:16:50,20191208_141600,ee765b08fd347873bb137200cd9e34d7f237da36dfa3a365bb420e1082f2ea18,99f08c7e428338b46c1c6b4c993ca9d6e137c181470a0f77d1a31163c1fbdffc,data/raw/bracot/bracot-data/train/train_annotation_coco.json
bracot,20191208_141653,data/raw/bracot/bracot-data/train/20191208_141653.jpg,4032,3024,treino,7,0.2933,2019-12-08T14:16:53,20191208_141600,db3191e7e7083ec2f3d7008df03da61f4cd07dba9475c43d98712c2d349b7b9e,e734ea179abb7840bc87eeb787f23e65144ddb4fd30204b78561a870815d9652,data/raw/bracot/bracot-data/train/train_annotation_coco.json
bracot,20191208_141659,data/raw/bracot/bracot-data/train/20191208_141659.jpg,4032,3024,treino,6,0.4267,2019-12-08T14:16:59,20191208_141600,67a09b3dcbffd87e9a9736e76a5efceb79c3db527396d991015dc14cad5833c6,f31bdbf3b66434e48e802c08f805e70ca2182edf45e7f7676adcc269278d4b50,data/raw/bracot/bracot-data/train/train_annotation_coco.json
bracot,20191208_141706,data/raw/bracot/bracot-data/train/20191208_141706.jpg,4032,3024,treino,6,0.3508,2019-12-08T14:17:06,20191208_141600,3acb1cbe243c678a299fcaab43dc7ba1384efd85930d35e3782297eeb2708bfe,ef0be84f306a9315be474e16ecb5c07a92b0dbe2388346cffd5c4a14057d9435,data/raw/bracot/bracot-data/train/train_annotation_coco.json
bracot,20191208_141713,data/raw/bracot/bracot-data/test/20191208_141713.jpg,4032,3024,teste,4,0.2547,2019-12-08T14:17:13,20191208_141600,d9fad9d7c29cd16dbd8d570f404c4ba91aaab2ae36e5565aa21c558950ad7aeb,e635e255702f5ce25c22ae3baf59deb8de15ac358d153a0b284e191f155a844f,data/raw/bracot/bracot-data/test/test_annotation_coco.json
bracot,20191208_141717,data/raw/bracot/bracot-data/train/20191208_141717.jpg,4032,3024,treino,6,0.3262,2019-12-08T14:17:17,20191208_141600,010b13e0c8ddd5fd368722b1583504cb804a583a3dc8a0e349949e8be82ec77b,a5dddba35a14a73eac2591c5b30e5e296e678cccb10d9578b762e052ee8ac0d4,data/raw/bracot/bracot-data/train/train_annotation_coco.json
bracot,20191208_141726,data/raw/bracot/bracot-data/train/20191208_141726.jpg,4032,3024,treino,6,0.3106,2019-12-08T14:17:26,20191208_141600,02d96d4ec7659100c4be7c9c9aa7fba68a0e59780410e76a4bda3e0cfdd62200,956eaf2be5d71a71924544aff09c6d87fa1c8558d41d9f301e0b1e266a48b5a5,data/raw/bracot/bracot-data/train/train_annotation_coco.json
bracot,20191208_141759,data/raw/bracot/bracot-data/train/20191208_141759.jpg,4032,3024,treino,5,0.1921,2019-12-08T14:17:59,20191208_141759,0a8ff0f43fc8173b9645ba68566687e9111d536dd4921ffed2b741f74e8cd10b,ef7a8279a7c87949a631aed7c4e2878416b4d726542ad28213a332b1a2f72af7,data/raw/bracot/bracot-data/train/train_annotation_coco.json
bracot,20191208_141836,data/raw/bracot/bracot-data/test/20191208_141836.jpg,4032,3024,teste,6,0.2431,2019-12-08T14:18:36,20191208_141836,e21e7187a286942995b65bce1ac9b7b77300a06efbd3457874a3d1491826a157,d035aa8da76a1fd24f0e643444e0649dc6fb92b9d6ccd61996e0e3276945617d,data/raw/bracot/bracot-data/test/test_annotation_coco.json
bracot,20191208_141839,data/raw/bracot/bracot-data/train/20191208_141839.jpg,4032,3024,treino,6,0.3000,2019-12-08T14:18:39,20191208_141836,d6a6e37b8b98ee0bb5cca74d7e5a1632c5d67cea4370fc6abb709ca441658aa5,e32601c71ca404c5891cb37cf547d10ce5ff8c8aafb3cda757f0a8cc3d4d6129,data/raw/bracot/bracot-data/train/train_annotation_coco.json
bracot,20191208_141851,data/raw/bracot/bracot-data/train/20191208_141851.jpg,4032,3024,treino,4,0.1608,2019-12-08T14:18:51,20191208_141851,9499e654cfe5022a56e25378af297248364bd2c8fc92b8aeefd9de42b8955f10,b981977af1c65f984593f4fa008172c7e21e6b48ef4a6c4c2cd87bde631c8970,data/raw/bracot/bracot-data/train/train_annotation_coco.json
bracot,20191208_141919,data/raw/bracot/bracot-data/train/20191208_141919.jpg,4032,3024,treino,7,0.1821,2019-12-08T14:19:19,20191208_141919,d4d0b056d1c3c806db6837e89646816eb9959986e8d72d485d2c62ffb06eaff5,9326c2c907a87be5b25a95216681ec5bc04d34dba269f0a3d1fe51f9d9f0f151,data/raw/bracot/bracot-data/train/train_annotation_coco.json
bracot,20191208_141926,data/raw/bracot/bracot-data/train/20191208_141926.jpg,4032,3024,treino,2,0.0973,2019-12-08T14:19:26,20191208_141919,fecf6a2b843fc47774990c4b6b4dae39a4bda61162f93c102e3ef7df639875bc,dc8d91f00a0b614fd079c60fe247286d3a391938cf5ff75e971c7b070c9a4ae1,data/raw/bracot/bracot-data/train/train_annotation_coco.json
bracot,20191208_141947,data/raw/bracot/bracot-data/train/20191208_141947.jpg,4032,3024,treino,5,0.2502,2019-12-08T14:19:47,20191208_141947,bee60a8237a9b225a7ab72332de61ae20e9496b424b1a38419d96bfc2b9f966f,ec7392b537883474c363876f7c7935eb2ae5311c11d4ddd3b23e82507a01c86d,data/raw/bracot/bracot-data/train/train_annotation_coco.json
bracot,20191208_141953,data/raw/bracot/bracot-data/test/20191208_141953.jpg,4032,3024,teste,5,0.2549,2019-12-08T14:19:53,20191208_141947,5aeb69f970d22090e9cfe917764cdb875e7d02a7a5713b6f7f6c903df48fdbc6,fdd3f39a6242d4e9a9b5216f8c9ea35f9242ff807d20ed11fd28407b0eb42186,data/raw/bracot/bracot-data/test/test_annotation_coco.json
bracot,20191208_142015,data/raw/bracot/bracot-data/test/20191208_142015.jpg,4032,3024,teste,3,0.2471,2019-12-08T14:20:15,20191208_142015,3bc13920e847b618a95a8cadb2cc0f482b2b8387d6eb788a906b78a0b5a15909,ed99a564a066c9e898a8959b946b553e7ae82ef923b0f1a70226f0d762de2db0,data/raw/bracot/bracot-data/test/test_annotation_coco.json
bracot,20191208_142022,data/raw/bracot/bracot-data/test/20191208_142022.jpg,4032,3024,teste,7,0.3587,2019-12-08T14:20:22,20191208_142015,7d8b5558dd47ee9ae75c8397590861652c20ff7c23d66ab409651fec23f0604e,ae3356e3f1c00dfcf0f311f9fc7c32fd0733c61305416d966309f4826313df01,data/raw/bracot/bracot-data/test/test_annotation_coco.json
bracot,20191208_142026,data/raw/bracot/bracot-data/train/20191208_142026.jpg,4032,3024,treino,6,0.1525,2019-12-08T14:20:26,20191208_142015,1fb1d28d037b6d928a3fe56647c192d381b6da1b0bc9e3c977eb08d82978b4d0,c0dc9187365a6f9dbd0f9af6575a4846a7bad35f305468735c2b9a345620a721,data/raw/bracot/bracot-data/train/train_annotation_coco.json
bracot,20191208_142031,data/raw/bracot/bracot-data/test/20191208_142031.jpg,4032,3024,teste,4,0.3045,2019-12-08T14:20:31,20191208_142015,fc864f90b915b7bbfe718b88900a85bf9bb158c53665a32a3e5f1d27831afeac,b1b885bdadeaba90c69da9c9ebcf3666782e2987be44a8629c54d6a74405ac51,data/raw/bracot/bracot-data/test/test_annotation_coco.json
bracot,20191208_142040,data/raw/bracot/bracot-data/train/20191208_142040.jpg,4032,3024,treino,3,0.1482,2019-12-08T14:20:40,20191208_142015,5d4c10f4858bbfc446a20c94c57c91d65f325061a563139c4afe4440bc62d2da,8a21ae14ad920fdf3649796ceb6aeb29d5c7c13a71ec3502252d05301bbebbb2,data/raw/bracot/bracot-data/train/train_annotation_coco.json
bracot,20191208_142045,data/raw/bracot/bracot-data/train/20191208_142045.jpg,4032,3024,treino,8,0.1916,2019-12-08T14:20:45,20191208_142015,9d5c5fc9dce9cff9da5f91673f11df633b99cfe530c71fd227ea93d942826fd3,b6d219486b24487e56fd2ed7bd4d9732a02aeea9e8554f73603640ea0fcdd411,data/raw/bracot/bracot-data/train/train_annotation_coco.json
bracot,20191208_142056,data/raw/bracot/bracot-data/train/20191208_142056.jpg,4032,3024,treino,6,0.1978,2019-12-08T14:20:56,20191208_142056,f192e30387ef9bfd983978689823421b60f5fc31ae4dce80fe52c517faee4937,d5833f38673776d00e4989bdbe36244773684ccdd22dc2568139ad1239b6ee64,data/raw/bracot/bracot-data/train/train_annotation_coco.json
bracot,20191208_142059,data/raw/bracot/bracot-data/train/20191208_142059.jpg,4032,3024,treino,5,0.2102,2019-12-08T14:20:59,20191208_142056,9e865bcadfc4ebbcb991f34cb24444ebef106e2c413d0140f17cece0a15ed499,dda185c3d2b6c8255f76631023ba85a91e5e434b49377c34e1433cf0c20fef8f,data/raw/bracot/bracot-data/train/train_annotation_coco.json
bracot,20191208_142105,data/raw/bracot/bracot-data/train/20191208_142105.jpg,4032,3024,treino,7,0.3502,2019-12-08T14:21:05,20191208_142056,d781b5777e95d10fb1e68e02b855b2fc3a730580f8775455929dbccd772edc1f,90636b3b05ca91e6bb49847c562e06c154f6d4ade0931c4199ca395af7ede69d,data/raw/bracot/bracot-data/train/train_annotation_coco.json
bracot,20191208_142111,data/raw/bracot/bracot-data/train/20191208_142111.jpg,4032,3024,treino,6,0.2071,2019-12-08T14:21:11,20191208_142056,dd386e726bf6f62432fc850ccb5137e0a1c463825f758d1d1bd98a9a5b616d3e,c34d365ac4b67792c02929fd31f027c9c6ed25d1715223213e1e421ecebcfad3,data/raw/bracot/bracot-data/train/train_annotation_coco.json
bracot,20191208_142113,data/raw/bracot/bracot-data/train/20191208_142113.jpg,4032,3024,treino,3,0.2346,2019-12-08T14:21:13,20191208_142056,0956a7415256e3d6ff444143180001590ff54d91e293f82fbbd704cdecc528bd,c61039026498d2f2591d6c9b226f90e1cc8d2674b0b8ea4cdd376d7a9eeabbec,data/raw/bracot/bracot-data/train/train_annotation_coco.json
bracot,20191208_142119,data/raw/bracot/bracot-data/train/20191208_142119.jpg,4032,3024,treino,5,0.2897,2019-12-08T14:21:19,20191208_142056,3836cbda27d7a9416f34ace59670c000d04e30bc8d81d82a5dd81dff53c132ce,bc9671776a2e0085dc40a7a0d32ab5b3846baee4c9ad7b5a335d65a9a4f6c3a0,data/raw/bracot/bracot-data/train/train_annotation_coco.json
bracot,20191208_142127,data/raw/bracot/bracot-data/train/20191208_142127.jpg,4032,3024,treino,5,0.2502,2019-12-08T14:21:27,20191208_142056,e4e360afe23b34915361f379639127f67632a7bee86a95e324a1d22f4ee0f2ab,bad40f036b98a60f8dfd705c0baee6d428ec558b74236a77a8e5d8883339532e,data/raw/bracot/bracot-data/train/train_annotation_coco.json
bracot,20191208_142131,data/raw/bracot/bracot-data/train/20191208_142131.jpg,4032,3024,treino,5,0.2810,2019-12-08T14:21:31,20191208_142056,c301bfa8ca519bab3ba92bc1708390b51995aee906acba565b1bd4cce0736242,b636c8de79c137b76a0e985481c0c3b185e5d28a37386a3ba45fd7299475ce86,data/raw/bracot/bracot-data/train/train_annotation_coco.json
bracot,20191208_142135,data/raw/bracot/bracot-data/train/20191208_142135.jpg,4032,3024,treino,8,0.2015,2019-12-08T14:21:35,20191208_142056,6b09615bc2d17d93f41ef5d2fb850e700abd2663a36e33e7d2b935ec6220eb14,9f503ce3b1cb4372e448d0a6bd85aa593c37859bb78d44275de4c67233b6d908,data/raw/bracot/bracot-data/train/train_annotation_coco.json
bracot,20191208_142146,data/raw/bracot/bracot-data/train/20191208_142146.jpg,4032,3024,treino,7,0.2094,2019-12-08T14:21:46,20191208_142146,38be067c7a7fe2dfc21a61fc68e625bfe15e396021b375c9bb14e7464c9a1744,c50fd039b8caf8b0c79641b163a16e636d6baf8c8bd59fd4b2b40007f0c3724f,data/raw/bracot/bracot-data/train/train_annotation_coco.json
bracot,20191208_142156,data/raw/bracot/bracot-data/train/20191208_142156.jpg,4032,3024,treino,4,0.2327,2019-12-08T14:21:56,20191208_142146,0b88ce3c1bdeae284b0a4a21398b402713e9ff9da6c25ca54d894303ebd2e2da,c9dd39643e2678acd2698701de219cbfadb1585e50c2be56a83dcbf8c402d4ab,data/raw/bracot/bracot-data/train/train_annotation_coco.json
bracot,20191208_142216,data/raw/bracot/bracot-data/train/20191208_142216.jpg,4032,3024,treino,10,0.3396,2019-12-08T14:22:16,20191208_142216,044cf60d30b68a68b94bd7649e2d9b51888909c4a302d6a38198484a232c77ae,e82389a7371ff569b280396a8cf10e99fb2ef732389b542910feab51b9002e97,data/raw/bracot/bracot-data/train/train_annotation_coco.json
bracot,20191208_142224,data/raw/bracot/bracot-data/train/20191208_142224.jpg,4032,3024,treino,7,0.2120,2019-12-08T14:22:24,20191208_142216,9a8f99a33436faba12c541f46de763baeabe803cc89e1fdaf048977286077a26,a0fd3ecc77fcea71371a40376469842aa895f254e351074bdd8a2de8a5ab3e81,data/raw/bracot/bracot-data/train/train_annotation_coco.json
bracot,20191208_142243,data/raw/bracot/bracot-data/train/20191208_142243.jpg,4032,3024,treino,9,0.2850,2019-12-08T14:22:43,20191208_142243,c3ef71c64e7bda3b52b4aeef7f96699fdefa2ef5cf576d224c6b3f6406515218,cd58a76942490ec7b71be70b801d50fcdba2ab9e62a713b629175d45546b5672,data/raw/bracot/bracot-data/train/train_annotation_coco.json
bracot,20191208_142248,data/raw/bracot/bracot-data/train/20191208_142248.jpg,4032,3024,treino,7,0.2251,2019-12-08T14:22:48,20191208_142243,b0a1ad22f668da05ea941abe644b52d187816bd5bb29f79a5393d22885cc0f68,fe446a6e2bf1ac40902beafef1485d8284d12717377fdf1bce95a6f081200b8b,data/raw/bracot/bracot-data/train/train_annotation_coco.json
bracot,20191208_142250,data/raw/bracot/bracot-data/test/20191208_142250.jpg,4032,3024,teste,8,0.3940,2019-12-08T14:22:50,20191208_142243,fd51a37139438d57ea4c4c5b2d5b9dced08558090ab820503d827fc001a70ef0,e816f83447c24eaaa971b81a81b0ab3ae2f12f07ba75bc75ddeea887c099c88e,data/raw/bracot/bracot-data/test/test_annotation_coco.json
bracot,20191208_142304,data/raw/bracot/bracot-data/test/20191208_142304.jpg,4032,3024,teste,8,0.3513,2019-12-08T14:23:04,20191208_142304,905fa6126fef376b75c83b2e34e6911f8325ffef8151f031dfbc4bdcbe2f5746,874578d07d16b42f1bf11f01845f87723fa0ed4de64087e3798c08cd82dac7b7,data/raw/bracot/bracot-data/test/test_annotation_coco.json
bracot,20191208_142307,data/raw/bracot/bracot-data/test/20191208_142307.jpg,4032,3024,teste,8,0.2563,2019-12-08T14:23:07,20191208_142304,013e8ed019e48e0afa0136882c9979a7b793d96ced69922508eb71f7919b1fd6,f8de62a04323241cbcbd79387bd19634a931e9c9887ed6be8f01848afb752e91,data/raw/bracot/bracot-data/test/test_annotation_coco.json
bracot,20191208_142311,data/raw/bracot/bracot-data/train/20191208_142311.jpg,4032,3024,treino,7,0.2792,2019-12-08T14:23:11,20191208_142304,3b592967c83f71c54c20f74514f8e078c03343a55f4b1fb932f434bc86915e17,d3bad3928dd5a181c2a49e5c1c5637e97429572d9f252921e89bb81fa849faa9,data/raw/bracot/bracot-data/train/train_annotation_coco.json
bracot,20191208_142317,data/raw/bracot/bracot-data/test/20191208_142317.jpg,4032,3024,teste,8,0.2838,2019-12-08T14:23:17,20191208_142304,2cbbb3d0cef4c9c01eef5993986832168df4fe5ab9759f836814176285ac40ef,fc019c9384eae475e595256c06fc639a6a906a91ea24a3f78f3ee1a60bab8ba3,data/raw/bracot/bracot-data/test/test_annotation_coco.json
bracot,20191208_142350,data/raw/bracot/bracot-data/test/20191208_142350.jpg,4032,3024,teste,8,0.1505,2019-12-08T14:23:50,20191208_142350,a7ba9486dcfd8b3d13d45b80f905f8ad29875deba2c8c353c312190a476733ed,d49751be34eda451ccda84ccb15b8ab104577b5a2bf56b4e07000bd3aeaca56b,data/raw/bracot/bracot-data/test/test_annotation_coco.json
bracot,20191208_142407,data/raw/bracot/bracot-data/train/20191208_142407.jpg,4032,3024,treino,8,0.3576,2019-12-08T14:24:07,20191208_142407,d8520e3f09859391b970a61835bcc30b6faf5a14567bedb2ab1b41ee2ef92bd0,fc09c013434d47209a28ec9cd1f7d1fcc0b2e6c7e4cdae6ca8e071d1f0fccacd,data/raw/bracot/bracot-data/train/train_annotation_coco.json
bracot,20191208_142420,data/raw/bracot/bracot-data/train/20191208_142420.jpg,4032,3024,treino,8,0.2952,2019-12-08T14:24:20,20191208_142420,c8656b509516fca3973b90c8ab565c74ddb9e3d1401baf14f59519d9c5282b32,9c374b3a2bb21e5b98eea196e7fe2f893c2a107f11e5f1a4c59946b02e533144,data/raw/bracot/bracot-data/train/train_annotation_coco.json
bracot,20191208_142425,data/raw/bracot/bracot-data/train/20191208_142425.jpg,4032,3024,treino,3,0.2101,2019-12-08T14:24:25,20191208_142420,d90a070063e5208cd5b346d7aa079e901f6c36130ba457e3b4382c009ca0da5c,cca3110f676a8c30e0e7585cdfdbfb231f3d74713a363e1c38104fe0945065f3,data/raw/bracot/bracot-data/train/train_annotation_coco.json
bracot,20191208_142429,data/raw/bracot/bracot-data/train/20191208_142429.jpg,4032,3024,treino,4,0.3939,2019-12-08T14:24:29,20191208_142420,f4f3bd946abafec33e92abbc159e0fe08eff6bb17a12cd9bc725e23a60054293,8e4e79217176b1d916d304d47c350725f33df6d4679d2cfceddac842808688b6,data/raw/bracot/bracot-data/train/train_annotation_coco.json
bracot,20191208_142439,data/raw/bracot/bracot-data/train/20191208_142439.jpg,4032,3024,treino,7,0.3698,2019-12-08T14:24:39,20191208_142420,4cf1682fab7232babca2e3d4ab9474640b9011e646d68ee8d8f82f7642fbcdc9,ff009f68a85f2bd64efa663603504a3a6b9859e20f756f0d61a703f14e3cc68c,data/raw/bracot/bracot-data/train/train_annotation_coco.json
bracot,20191208_142455,data/raw/bracot/bracot-data/train/20191208_142455.jpg,4032,3024,treino,6,0.3138,2019-12-08T14:24:55,20191208_142455,70b63b3f19fbdd9ab30024d7fd99cc58abe0a43cf78162c2b96dac91780623df,9389197e6dd2e8443edd712115b84b28aab62a578d8afbeab5be1045674768ca,data/raw/bracot/bracot-data/train/train_annotation_coco.json
bracot,20191208_142502,data/raw/bracot/bracot-data/train/20191208_142502.jpg,4032,3024,treino,6,0.3525,2019-12-08T14:25:02,20191208_142455,ec8c953322f5fe1d1f704bdedcd329a16835b14bdba723f08d395011cee5a5ae,ceed59dd3297867eb97c2f430f023fd1741e086c3f83c89befa0c00586e1cf04,data/raw/bracot/bracot-data/train/train_annotation_coco.json
bracot,20191208_142506,data/raw/bracot/bracot-data/train/20191208_142506.jpg,4032,3024,treino,10,0.2768,2019-12-08T14:25:06,20191208_142455,f6e47bb08b98164bbba1accfffc93f035d1dddbeb583d31fcc6919da1a3c1815,8e2035a464ca8329e9d6d8c139fde376033c7c33413d7dccd810bf1c3b13fe31,data/raw/bracot/bracot-data/train/train_annotation_coco.json
bracot,20191208_142526,data/raw/bracot/bracot-data/test/20191208_142526.jpg,4032,3024,teste,4,0.1836,2019-12-08T14:25:26,20191208_142526,30e5695abed787a919f1d9ba8ca06add0e909894ceb8fa1de12ceca1ec4eaf0c,bcbb9894924217f9e3c4672b8391050ef792f0488b1e0c8f0fe2a1cd5c3e7fd6,data/raw/bracot/bracot-data/test/test_annotation_coco.json
bracot,20191208_142532,data/raw/bracot/bracot-data/train/20191208_142532.jpg,4032,3024,treino,7,0.2427,2019-12-08T14:25:32,20191208_142526,cfffbff32885203a47dc3b227de4f721927d0d2c29a5aa0a9b9951b957073b8e,c3763bf2e1dd4f5cfe20613b02b84014d29e5c243c2cc7c68ec6e776697825d3,data/raw/bracot/bracot-data/train/train_annotation_coco.json
bracot,20191208_142536,data/raw/bracot/bracot-data/train/20191208_142536.jpg,4032,3024,treino,7,0.2739,2019-12-08T14:25:36,20191208_142526,08cbd1ee9f73b9b5b072a02903a206a69e5822409bf8eb169908c6958cef9e6d,83e627c7e1c1cefacef1f07dc67e321d89371582093bf1902cc0fe45e23c6324,data/raw/bracot/bracot-data/train/train_annotation_coco.json
bracot,20191208_142539,data/raw/bracot/bracot-data/train/20191208_142539.jpg,4032,3024,treino,7,0.3228,2019-12-08T14:25:39,20191208_142526,c1f7914a608c5684cbb97e719cb99feba29adaa4f155c0e17197b86f4d0a3192,8588bc701f5f050b018361a0f563e021ee30ab24b7d7bff73dd7a1eda5ac464c,data/raw/bracot/bracot-data/train/train_annotation_coco.json
bracot,20191208_142551,data/raw/bracot/bracot-data/train/20191208_142551.jpg,4032,3024,treino,6,0.2503,2019-12-08T14:25:51,20191208_142551,b8c9901f509641a309bb98d5320ee44b80d5af741048d5730acd085eb4c40f77,9f65c373a9e3ad4c97201ea0befa186f180217cec3fee14d8fced128f434140b,data/raw/bracot/bracot-data/train/train_annotation_coco.json
bracot,20191208_142608,data/raw/bracot/bracot-data/train/20191208_142608.jpg,4032,3024,treino,5,0.1662,2019-12-08T14:26:08,20191208_142608,65250b7e60e6e1b090fa68cfc88bda72a3395453146db4a02b4eedf88e4f6fa0,8da4e2ba7a617f713d65348e831ff078d0684374a7c30889790b1c5b396eeee4,data/raw/bracot/bracot-data/train/train_annotation_coco.json
bracot,20191208_142623,data/raw/bracot/bracot-data/train/20191208_142623.jpg,4032,3024,treino,7,0.2742,2019-12-08T14:26:23,20191208_142623,fb5dd3eb71f867e6d3e8a9bf7e665a008f203fadd10fbd80a75f31079745be4f,bb9a8b9d4a9188cbb4d595a6bcc47355b4c6bbd6ce07b56892f311a2a8cb2b04,data/raw/bracot/bracot-data/train/train_annotation_coco.json
bracot,20191208_142633,data/raw/bracot/bracot-data/train/20191208_142633.jpg,4032,3024,treino,7,0.2610,2019-12-08T14:26:33,20191208_142623,b0bd9ddef8fa32e1cfa95731f392ee622e0519e75ba8c3b7f2d8e97a49568bf2,bd27877309d57489e6ecfe7c1ad531d8b131b04fdeee850480dae31b2509b588,data/raw/bracot/bracot-data/train/train_annotation_coco.json
bracot,20191208_142645,data/raw/bracot/bracot-data/train/20191208_142645.jpg,4032,3024,treino,4,0.3411,2019-12-08T14:26:45,20191208_142645,3acb4ae6707b56cc8d77be3d6d82b28b3a9c20258f3c5eee28241fe6f5950068,8e4e71f322040610d1f5fff6d787d67c42fa4f67b61e62102ba12fc76405a15c,data/raw/bracot/bracot-data/train/train_annotation_coco.json
bracot,20191208_142649,data/raw/bracot/bracot-data/test/20191208_142649.jpg,4032,3024,teste,5,0.3247,2019-12-08T14:26:49,20191208_142645,5caf2519409db1786a23f63ad661d96d948aa7e2bb236572d779e9e60c45a2b5,8551d09a7a07390f17b08bf2d9fdcd54542a6063a2a0621f7a7f69e1a5f40dbb,data/raw/bracot/bracot-data/test/test_annotation_coco.json
bracot,20191208_142656,data/raw/bracot/bracot-data/train/20191208_142656.jpg,4032,3024,treino,5,0.2442,2019-12-08T14:26:56,20191208_142645,d4e836e6e5edf2482daca2a8e9675e9c408a7115d3f08762841c7cb480597eb9,e66012fedf737516f281c19e5e42606128a3a805345e07e7ad4edc6214fbd79d,data/raw/bracot/bracot-data/train/train_annotation_coco.json
bracot,20191208_142715,data/raw/bracot/bracot-data/test/20191208_142715.jpg,4032,3024,teste,5,0.2949,2019-12-08T14:27:15,20191208_142715,1ffff20d391c5751058ad8dea194e3023fe8ab00302db4ebf651388307a834c0,c56bc68c1aea3b8673aa1d0e38e0f86d405e25cbe5d663c5ef972a818e3919b1,data/raw/bracot/bracot-data/test/test_annotation_coco.json
bracot,20191208_142720,data/raw/bracot/bracot-data/test/20191208_142720.jpg,4032,3024,teste,7,0.4134,2019-12-08T14:27:20,20191208_142715,b3c0db466f9f7f95afa774881712688220d8b0d85a9b31f408d0445ebb314f9a,bcf00de63d41b8607701a406bac0708c56b85f0a3da73fd07f7561f5a7be1e18,data/raw/bracot/bracot-data/test/test_annotation_coco.json
bracot,20191208_142726,data/raw/bracot/bracot-data/test/20191208_142726.jpg,4032,3024,teste,4,0.2449,2019-12-08T14:27:26,20191208_142715,90d8feb4d94a49439c785cae8fef789b35dc4e0b81ee15d5b973c12f5434db10,99f10e9f42b339c1353804a9d644cf47c7aed63557d6ae21a340cb53d8ab13b5,data/raw/bracot/bracot-data/test/test_annotation_coco.json
bracot,20191208_142735,data/raw/bracot/bracot-data/train/20191208_142735.jpg,4032,3024,treino,9,0.1777,2019-12-08T14:27:35,20191208_142715,c288e36a93625a8967883d4cac68113e20110049f5ed382e12294779fa8da628,868c34b672c94f0c017b13c3a47dbd6adb03b8dca494b741b805cbacaf8762fd,data/raw/bracot/bracot-data/train/train_annotation_coco.json
bracot,20191208_142805,data/raw/bracot/bracot-data/train/20191208_142805.jpg,4032,3024,treino,6,0.3687,2019-12-08T14:28:05,20191208_142805,0dab1245d04b3e1128affe6d6d31403cf30fd831c17a17a69c53d53fca75625e,ccaafbe53d8d34f341870fcf6c7e0fd1476bc42b42f456a1581756ecd40200e6,data/raw/bracot/bracot-data/train/train_annotation_coco.json
bracot,20191208_142809,data/raw/bracot/bracot-data/train/20191208_142809.jpg,4032,3024,treino,7,0.2764,2019-12-08T14:28:09,20191208_142805,7aa5206bb73bee83a8e1d8cbcec311951a201d8c51bcdfe4d70ce7ac638f464b,88bc4bc973436192a7bd16c58c1804b3b8733f7fcfbc6d3c5d31650406d66b89,data/raw/bracot/bracot-data/train/train_annotation_coco.json
bracot,20191208_142814,data/raw/bracot/bracot-data/train/20191208_142814.jpg,4032,3024,treino,8,0.3563,2019-12-08T14:28:14,20191208_142805,2b7a0d5f6727e1ab8165a90068cd49de9ad1082bfbdfd58718c72475b62038bc,d61f94e40a67ed94d802e81a82bfa52540781fc1b62d90fea4c5b2d4daba6ff4,data/raw/bracot/bracot-data/train/train_annotation_coco.json
bracot,20191208_142829,data/raw/bracot/bracot-data/train/20191208_142829.jpg,4032,3024,treino,5,0.1881,2019-12-08T14:28:29,20191208_142829,b53b606cae08520a8f6f90e7ed467afe499efd085656a7202bc8b761e327d0cb,8e3aa7f10e23680ae9f291c25388a51e5cd118c84be5e54bdf94bc9a395dedd8,data/raw/bracot/bracot-data/train/train_annotation_coco.json
bracot,20191208_142839,data/raw/bracot/bracot-data/test/20191208_142839.jpg,4032,3024,teste,8,0.2655,2019-12-08T14:28:39,20191208_142829,43dfd260fb84b63e916e1beaeb76827c81520753549e5e6fdf741b9da5b324bc,cdeedf2c26b927e340f2f433f54aa14e970e42922933f876e328e11d5a9d00e3,data/raw/bracot/bracot-data/test/test_annotation_coco.json
bracot,20191208_142846,data/raw/bracot/bracot-data/train/20191208_142846.jpg,4032,3024,treino,6,0.1457,2019-12-08T14:28:46,20191208_142829,1244922136cd2de458081fa9ce5d62f815df40fbbdcd12c9cf349184aace12a1,9b9244a1e23c31df12a6aec4a55aceb8c8c6a4cf36b1bea0ed61ada392be3698,data/raw/bracot/bracot-data/train/train_annotation_coco.json
bracot,20191208_142855,data/raw/bracot/bracot-data/test/20191208_142855.jpg,4032,3024,teste,7,0.2283,2019-12-08T14:28:55,20191208_142829,7a78caa5043cd89ce9e28b58649f5d707113351a2e02398c7048c0096087af66,d65851a5380d327f01e28fd8dcf4c7cbca65bd43780f630f874258adc915ce5a,data/raw/bracot/bracot-data/test/test_annotation_coco.json
bracot,20191208_142908,data/raw/bracot/bracot-data/train/20191208_142908.jpg,4032,3024,treino,3,0.2245,2019-12-08T14:29:08,20191208_142908,b5edb7929abbc093b4ec1dc57875554e56c88021b16d29bde903298f6481208a,9bedfef7fdd658c7540a1281e6978e10d336a9aea2e1bcb519109c7a40722278,data/raw/bracot/bracot-data/train/train_annotation_coco.json
bracot,20191208_142911,data/raw/bracot/bracot-data/train/20191208_142911.jpg,4032,3024,treino,7,0.2817,2019-12-08T14:29:11,20191208_142908,275e129868306e93c80dd888c0fbf6ab2762882ee8f80cb43b371043418a9543,9da000ff4ece598da15bbca127469c605087e5291ef5851cb2f6b99e6730f995,data/raw/bracot/bracot-data/train/train_annotation_coco.json
bracot,20191208_142917,data/raw/bracot/bracot-data/train/20191208_142917.jpg,4032,3024,treino,5,0.2546,2019-12-08T14:29:17,20191208_142908,dae89a2b4cf1f96e3ade7775056000d9fef1d13387cfe2b98b56c3ad459a28f1,8e7ae901e981155136b84e31b95f416ec366d3fd63f602de25f83c681e7a04ec,data/raw/bracot/bracot-data/train/train_annotation_coco.json
bracot,20191208_142927,data/raw/bracot/bracot-data/train/20191208_142927.jpg,4032,3024,treino,5,0.3237,2019-12-08T14:29:27,20191208_142908,8a852b673477648dab4f2949f906dc1de1ca40822b3bd4797270162b10a461b2,f88f92f0b2a8b081a836f0a0cc20736ce9b9ebab39dce2c9a3f107b53693cf91,data/raw/bracot/bracot-data/train/train_annotation_coco.json
bracot,20191208_142940,data/raw/bracot/bracot-data/train/20191208_142940.jpg,4032,3024,treino,5,0.3749,2019-12-08T14:29:40,20191208_142940,c7ce3a5b2ef9ccb0e34a5e13fd2ac9477eb7e4c5711ba2a82ad6928bf5775a4c,c4c1199f7b223e6571cce39ca6038f6eb878c8c338d4d1db700a8d76eff4a888,data/raw/bracot/bracot-data/train/train_annotation_coco.json
bracot,20191208_142948,data/raw/bracot/bracot-data/train/20191208_142948.jpg,4032,3024,treino,4,0.2734,2019-12-08T14:29:48,20191208_142940,4412843ddcbb32d2a9bfba8fa1907ef4016636171ab0a7c3f6443eda06bc7ef6,bcdc9695a473bf05b0a70105cf536a09c2edaf5552cca10dfdef1017500c8bfe,data/raw/bracot/bracot-data/train/train_annotation_coco.json
bracot,20191208_142955,data/raw/bracot/bracot-data/train/20191208_142955.jpg,4032,3024,treino,8,0.2835,2019-12-08T14:29:55,20191208_142940,c40c272cf290dc483c8660f5edaf4f7e55027d03785abefcc0bb1ac217bf54d4,8dbf29ec747068415058f0d3876b879baa0e8c299f67ce4b0b7b714f1e5058da,data/raw/bracot/bracot-data/train/train_annotation_coco.json
bracot,20191208_143001,data/raw/bracot/bracot-data/train/20191208_143001.jpg,4032,3024,treino,4,0.3290,2019-12-08T14:30:01,20191208_142940,1052e1adc4083fe5bd4c7fbf823a7408b064f26939b98b9ff8c06612446d105c,a3f6bc513de87624f8a88bd49c8d0b561dd3de65cf128d09828d5bf370d310a5,data/raw/bracot/bracot-data/train/train_annotation_coco.json
bracot,20191208_143010,data/raw/bracot/bracot-data/train/20191208_143010.jpg,4032,3024,treino,2,0.1827,2019-12-08T14:30:10,20191208_142940,8a7b1a52f1e0d62700c9e424e3a93cbc0913b44612860b841d683821fd43624f,ccf6cd89ad36b026606641e38353617f4f563a69caf953b347833e0dba983132,data/raw/bracot/bracot-data/train/train_annotation_coco.json
bracot,20191208_143015,data/raw/bracot/bracot-data/train/20191208_143015.jpg,4032,3024,treino,6,0.3987,2019-12-08T14:30:15,20191208_142940,25e74ef121210a04e9e286573190e1eca949ae0fd363acedb27bb8e284e0de27,c6bc736d79904e0621c3acb57ee68dbb9aa3a57e36292c3a94c4541644eb5f44,data/raw/bracot/bracot-data/train/train_annotation_coco.json
bracot,20191208_143020,data/raw/bracot/bracot-data/test/20191208_143020.jpg,4032,3024,teste,8,0.3017,2019-12-08T14:30:20,20191208_142940,e400acb791614e075d7655ca3a6f773dcf7126928478242f36a03d411d78d9a9,d5a23d2eb357c604cf9ac43696c9b79d103c623d4d6396af58a155ab04aba327,data/raw/bracot/bracot-data/test/test_annotation_coco.json
bracot,20191208_143024,data/raw/bracot/bracot-data/test/20191208_143024.jpg,4032,3024,teste,8,0.3980,2019-12-08T14:30:24,20191208_142940,1924ab08b70d0d3cf334482fb4dfb61aa5574ca3f32bf44b9941931d674329f0,eac2f5a4cbda2b8d3502fa08619f307359a0b9830a3fbe3ef1560eead556a605,data/raw/bracot/bracot-data/test/test_annotation_coco.json
bracot,20191208_143047,data/raw/bracot/bracot-data/train/20191208_143047.jpg,4032,3024,treino,7,0.2128,2019-12-08T14:30:47,20191208_143047,5e7178fd5ab54f27853980ca3a87dd38886961f78b49414e75b2e9b4649f03f2,c63771ce381c3cac43923fa58f8dfc1859665e902f80047b5c0fe79640ed7a7c,data/raw/bracot/bracot-data/train/train_annotation_coco.json
bracot,20191208_143057,data/raw/bracot/bracot-data/test/20191208_143057.jpg,4032,3024,teste,5,0.2779,2019-12-08T14:30:57,20191208_143047,9ebef1c9f77ee43c7325a2740463dd2f561677fc5eabe824683b4a73e7b72f88,e6e1738030480c7f3fe389f08d987fc70e73fa1f0699341f2cdc901df1cd206d,data/raw/bracot/bracot-data/test/test_annotation_coco.json
bracot,20191208_143107,data/raw/bracot/bracot-data/train/20191208_143107.jpg,4032,3024,treino,9,0.4438,2019-12-08T14:31:07,20191208_143047,f06302ac038ac3d941760004ea874164d23f0ff80f90aea8d476694545e70d4b,d20337ae28bf6640e7c4ef5cb43df991172074bd0aebf047758caa8a9b708c29,data/raw/bracot/bracot-data/train/train_annotation_coco.json
bracot,20191208_143111,data/raw/bracot/bracot-data/train/20191208_143111.jpg,4032,3024,treino,3,0.1707,2019-12-08T14:31:11,20191208_143047,96d8acb371c8a91f5da3753be89d05f991c2c916b9a83c7642751b90f90bddc5,e96286651a0c607ac543d9ced3bade417a54577471f544a48cb3a5b6a7c63b32,data/raw/bracot/bracot-data/train/train_annotation_coco.json
bracot,20191208_143115,data/raw/bracot/bracot-data/train/20191208_143115.jpg,4032,3024,treino,3,0.2153,2019-12-08T14:31:15,20191208_143047,5862907e27607d791704daf4e5f96f210d33c2e9b54462ff9f738c04ad42e359,8b7ebb1c66b61e4706cbccb5397a695861311aebb7a912ea95c1128f15d51692,data/raw/bracot/bracot-data/train/train_annotation_coco.json
bracot,20191208_143119,data/raw/bracot/bracot-data/train/20191208_143119.jpg,4032,3024,treino,4,0.4209,2019-12-08T14:31:19,20191208_143047,b8b2482b6d99006662c547e15fc1a194bb8e651aa41a3c68c38ea08853f7cc95,9697bb67eb5a4c3505e9022ea94cc532354ed9f09586ff31bb52662f8346834a,data/raw/bracot/bracot-data/train/train_annotation_coco.json
bracot,20191208_143134,data/raw/bracot/bracot-data/train/20191208_143134.jpg,4032,3024,treino,8,0.2588,2019-12-08T14:31:34,20191208_143134,e914233af13b5fb168616cafff2b5e3bc81cb9e0bc8687d6c32fbfa19c8eaf98,f5d878014a49e5d6add05a19a0d6213fd3598bf2067e0caceb81f783fc42178f,data/raw/bracot/bracot-data/train/train_annotation_coco.json
bracot,20191208_143142,data/raw/bracot/bracot-data/test/20191208_143142.jpg,4032,3024,teste,7,0.2015,2019-12-08T14:31:42,20191208_143134,7e618dbf654d01f8769630a38e72e6f52fa485329ea6715667ba4ace5a6303a7,86a67b067498bd73d4e40d07997cf3b00fb24c1f916d1e34027bda4de1a56ed0,data/raw/bracot/bracot-data/test/test_annotation_coco.json
bracot,20191208_143145,data/raw/bracot/bracot-data/test/20191208_143145.jpg,4032,3024,teste,6,0.2906,2019-12-08T14:31:45,20191208_143134,51c350f9c5fd072b3ac9a6f72725b5f60cfed6cc048e62070338803f84edc63d,d8cee33c60c329cc274917711cc71a9e33193e7113633f041b2c3db6f6b6b683,data/raw/bracot/bracot-data/test/test_annotation_coco.json
bracot,20191208_143148,data/raw/bracot/bracot-data/train/20191208_143148.jpg,4032,3024,treino,8,0.3296,2019-12-08T14:31:48,20191208_143134,19b191198f784a7a8e07a57d00f75fa43fbda7cfebfe75172530c421973f4316,bffdd23a5a4669c16dfc7eb97c11706137250f04071ea7b242d10733561ba22d,data/raw/bracot/bracot-data/train/train_annotation_coco.json
bracot,20191208_143154,data/raw/bracot/bracot-data/train/20191208_143154.jpg,4032,3024,treino,4,0.2304,2019-12-08T14:31:54,20191208_143134,7fde2a70595f34fd1a700aef95fe4ef6f74e9b917237c13a051a94895eafd448,c02b89fa99543c11eb96ed53ab962e8f6f1076356601c6d18ed5d8899986f927,data/raw/bracot/bracot-data/train/train_annotation_coco.json
bracot,20191208_143203,data/raw/bracot/bracot-data/train/20191208_143203.jpg,4032,3024,treino,7,0.3331,2019-12-08T14:32:03,20191208_143134,75d35a1e5ebbf2ccf52513fb68dbd98d30d8bb1ba21ae411e1d4aaa98c6a9efa,b3026d3e5a268ab9935052e5fe6ba60606543cc9b5fb00fb1f9f83c700817ff2,data/raw/bracot/bracot-data/train/train_annotation_coco.json
bracot,20191208_143206,data/raw/bracot/bracot-data/train/20191208_143206.jpg,4032,3024,treino,3,0.3595,2019-12-08T14:32:06,20191208_143134,37fab6d333a2ba1c030fba4dcdb8a6a03676745ddf17ccbf7749b04f8d67a15a,d3089fc02de67f4a3c73603fa07923d6d6e0d88c0fd488becc785e07a87fb038,data/raw/bracot/bracot-data/train/train_annotation_coco.json
bracot,20191208_143213,data/raw/bracot/bracot-data/train/20191208_143213.jpg,4032,3024,treino,6,0.4314,2019-12-08T14:32:13,20191208_143134,1882553dca0ef11e5ccf4e9777c462dbd5583a2891231767821bd76b24f123c2,e00e36e45eb7292313fdde4efe04f6a1b15373980110f75d4a4068d6ea27e83b,data/raw/bracot/bracot-data/train/train_annotation_coco.json
bracot,20191208_143220,data/raw/bracot/bracot-data/train/20191208_143220.jpg,4032,3024,treino,7,0.2340,2019-12-08T14:32:20,20191208_143134,0c94883673396077214247ed6691c49a6e3178ca9eb90a436a3e270929a4b072,f51782817bef6500ee351e549c4abde54b10374b7ed62e1ba07432d79605526b,data/raw/bracot/bracot-data/train/train_annotation_coco.json
bracot,20191208_143224,data/raw/bracot/bracot-data/train/20191208_143224.jpg,4032,3024,treino,8,0.5341,2019-12-08T14:32:24,20191208_143134,0911b9c6e1f425f5bf7be32cc42097b14deedbffe576437182989a5c8c5f87b4,92eea9d5651807e3f4beb807ec1dffe361297f3b88e0580e9e6eca0139602b18,data/raw/bracot/bracot-data/train/train_annotation_coco.json
bracot,20191208_143229,data/raw/bracot/bracot-data/train/20191208_143229.jpg,4032,3024,treino,8,0.3108,2019-12-08T14:32:29,20191208_143134,e019f038a185e7ab10f83e220d59c0aafb06adf118f62160c36fbcc089b7408f,cca6373758cd4fe830c2b32e99757271e686c402d80ccdebc383ed8f3b823b98,data/raw/bracot/bracot-data/train/train_annotation_coco.json
bracot,20191208_143236,data/raw/bracot/bracot-data/train/20191208_143236.jpg,4032,3024,treino,7,0.2286,2019-12-08T14:32:36,20191208_143134,cc2568b153cfec9f0e5a33eabf1a991be16512423ac504ebe787134ab103eae8,e846e895bf6d157a17f0ad5227f54ab7f9d84723280ef111260f5299a06ba31b,data/raw/bracot/bracot-data/train/train_annotation_coco.json
bracot,20191208_143241,data/raw/bracot/bracot-data/test/20191208_143241.jpg,4032,3024,teste,7,0.2394,2019-12-08T14:32:41,20191208_143134,d8273d22bf8b54702e3c56148b8b35ad021e585fda3f9139ba33a8e10bc3aaa1,aa56ec4414a307b9637a5c78eac143dac79c769e3d143d2b1a3b16559c4bb48b,data/raw/bracot/bracot-data/test/test_annotation_coco.json
bracot,20191208_143245,data/raw/bracot/bracot-data/train/20191208_143245.jpg,4032,3024,treino,7,0.3406,2019-12-08T14:32:45,20191208_143134,3ad73a557a5515bc7c01cc2257b112542a9a1a20e4f7439f1d402125b471b465,a739609134671fbcbf91f50196388f1f9e911e74d5480b504a934ec7f568a979,data/raw/bracot/bracot-data/train/train_annotation_coco.json
bracot,20191208_143301,data/raw/bracot/bracot-data/test/20191208_143301.jpg,4032,3024,teste,4,0.2584,2019-12-08T14:33:01,20191208_143301,8e81eb903ead68b83fac91540e6a6e3303e5c0778f45d13bccd660d8dcdd1559,cefed4bce5292ba171e22f667e2250320a1dfac96e086c7dfc60313e8f444c8b,data/raw/bracot/bracot-data/test/test_annotation_coco.json
bracot,20191208_143307,data/raw/bracot/bracot-data/test/20191208_143307.jpg,4032,3024,teste,6,0.4294,2019-12-08T14:33:07,20191208_143301,7083291e2a77690506db818a02e1e57f918a96fe04160f1f4c059a05229d03f4,d44c1709783673a208c813f79954056a51a9e4967db0769ff3711fc9bb4f097c,data/raw/bracot/bracot-data/test/test_annotation_coco.json
bracot,20191208_143310,data/raw/bracot/bracot-data/test/20191208_143310.jpg,4032,3024,teste,5,0.4254,2019-12-08T14:33:10,20191208_143301,cd52f455f41519412c15bb63820fa08e80bc70695f72a2bc032e655f203e6a94,847c9c885b366af278d2294e656355bf3cab418608dfe6ddbadc72d012ca3338,data/raw/bracot/bracot-data/test/test_annotation_coco.json
bracot,20191208_143320,data/raw/bracot/bracot-data/test/20191208_143320.jpg,4032,3024,teste,9,0.3221,2019-12-08T14:33:20,20191208_143301,e30414340e34bde289cd82c7412b0877c73eb2d5fe572ee7ad02c45154763d96,a531340e428a43cc397dcd60bb861ad3a50a70f98eb18706e55e1e8fcfea33fa,data/raw/bracot/bracot-data/test/test_annotation_coco.json
bracot,20191208_143325,data/raw/bracot/bracot-data/train/20191208_143325.jpg,4032,3024,treino,4,0.3392,2019-12-08T14:33:25,20191208_143301,f59b6b2747957f381f1f817d45752df24b6a854c550eaa60b64643257b80c875,949bbe712f78a583b5c0a595938ed075475a4a695e2f583429f743d21ad4699a,data/raw/bracot/bracot-data/train/train_annotation_coco.json
bracot,20191208_143333,data/raw/bracot/bracot-data/train/20191208_143333.jpg,4032,3024,treino,4,0.2291,2019-12-08T14:33:33,20191208_143301,50b822c252f680ef8a34558fbc38d3500cc6323f41790f8699d5e9498c3bff21,d6e5b752e712a4b9215b699e79707a5438b4194528b519e519256de906eb1dab,data/raw/bracot/bracot-data/train/train_annotation_coco.json
bracot,20191208_143350,data/raw/bracot/bracot-data/train/20191208_143350.jpg,4032,3024,treino,6,0.1756,2019-12-08T14:33:50,20191208_143350,1166fb16390abdb0fc826942dc8c029bbdf4527ef6668a967c4222e8658432d1,ee52bdbf71cb74814fb10bbc18679652974e861f8f318e146f017e030807fb45,data/raw/bracot/bracot-data/train/train_annotation_coco.json
bracot,20191208_143358,data/raw/bracot/bracot-data/train/20191208_143358.jpg,4032,3024,treino,6,0.2914,2019-12-08T14:33:58,20191208_143350,f93e4ebe8cb7de4684daf3d5ae657cf0eaaf3df20a4758db23ce715080b23ad8,9aa9dc736f733447adb636b1b666e4b3703269a080cd6439478d87aa734691e4,data/raw/bracot/bracot-data/train/train_annotation_coco.json
bracot,20191208_143404,data/raw/bracot/bracot-data/train/20191208_143404.jpg,4032,3024,treino,7,0.3524,2019-12-08T14:34:04,20191208_143350,51baf97b60a0e11c60e4dc00557a511e2ac8933fa031b6590ac5112f704481d2,c45e31300ebda78337ef188c0474623060724ce66a8bebbba9753b3e7f2ce169,data/raw/bracot/bracot-data/train/train_annotation_coco.json
bracot,20191208_143409,data/raw/bracot/bracot-data/test/20191208_143409.jpg,4032,3024,teste,7,0.2811,2019-12-08T14:34:09,20191208_143350,5fd0e040945285e120d8e5eca70bbba1964ca245b666266a8c89fad3dc3d863e,9c19771a7cc29fcbdfa18babd8e9a271116c452c092948a054d3aad5edc557cd,data/raw/bracot/bracot-data/test/test_annotation_coco.json
bracot,20191208_143413,data/raw/bracot/bracot-data/test/20191208_143413.jpg,4032,3024,teste,3,0.1753,2019-12-08T14:34:13,20191208_143350,e750008c1c252a398d294624fd658901a8184e9a7149506e9a67b4d90eb43d32,c706d46291fcc69f2755590a3f172c170dce0f6cbf07390c0bec3f24ad2c6e2a,data/raw/bracot/bracot-data/test/test_annotation_coco.json
bracot,20191208_143417,data/raw/bracot/bracot-data/train/20191208_143417.jpg,4032,3024,treino,4,0.3369,2019-12-08T14:34:17,20191208_143350,05cf3cacbb71e8c026044e9af1df62a7064abc1d0969188240b6a66813e49875,f02b992c8cde85974ff1af4f374709a29d1a49f4e92b316e0658171a79731543,data/raw/bracot/bracot-data/train/train_annotation_coco.json
bracot,20191208_143421,data/raw/bracot/bracot-data/train/20191208_143421.jpg,4032,3024,treino,6,0.1659,2019-12-08T14:34:21,20191208_143350,34746c5fcfb88af5e705db4321e6e2a1d0e970fbe84db563ce843674f680ef1a,e47df01c075affe7ccad1aebcbf024ebf23179d4762c48d0815e062780e51878,data/raw/bracot/bracot-data/train/train_annotation_coco.json
bracot,20191208_143426,data/raw/bracot/bracot-data/train/20191208_143426.jpg,4032,3024,treino,4,0.2991,2019-12-08T14:34:26,20191208_143350,32ba9666e9b3d67e92908cb29091f0aa9406593abe9e768d542f01246f1ce988,db5c0caba99d65ac9b05e22d26de1a2b5bee771ac84a5937eda96d15002f2701,data/raw/bracot/bracot-data/train/train_annotation_coco.json
bracot,20191208_143432,data/raw/bracot/bracot-data/train/20191208_143432.jpg,4032,3024,treino,7,0.3148,2019-12-08T14:34:32,20191208_143350,ab41c6cc88fb9e5cb2166538b55e193ed6535a806fc7969567151df1b27880fc,ded63bcc692b2d1a2427ed3da8923690ca7f2ce3730aa27ccaf0338fe300c88f,data/raw/bracot/bracot-data/train/train_annotation_coco.json
bracot,20191208_143437,data/raw/bracot/bracot-data/train/20191208_143437.jpg,4032,3024,treino,7,0.3691,2019-12-08T14:34:37,20191208_143350,83d9d25c8cbd0b681e4ae731065aac3467f8f6ddef3c3b15863ea8424a75c801,ac5e1ae24c6dfa0d0323ff72914bd6147bb421a690e06b1dced2253097db764b,data/raw/bracot/bracot-data/train/train_annotation_coco.json
bracot,20191208_143441,data/raw/bracot/bracot-data/train/20191208_143441.jpg,4032,3024,treino,5,0.4082,2019-12-08T14:34:41,20191208_143350,ee0a50558e28b6e67ea814b5671ffd615ab936534dc9cbf9c02293f901ea1cdb,b590a1771bed3808337c2bd946b214da6dc2eeb5fd03801368a5197f8ce45f6a,data/raw/bracot/bracot-data/train/train_annotation_coco.json
bracot,20191208_143446,data/raw/bracot/bracot-data/train/20191208_143446.jpg,4032,3024,treino,4,0.3200,2019-12-08T14:34:46,20191208_143350,f7fc9487d7df250a177dd4bfa74f80604ceb6f62dc3a0d22b6be073f12897633,d32cda656edf7db8799966fdbeb03188ce7718278afd9069888ec0a70c06d088,data/raw/bracot/bracot-data/train/train_annotation_coco.json
bracot,20191208_143450,data/raw/bracot/bracot-data/train/20191208_143450.jpg,4032,3024,treino,6,0.4635,2019-12-08T14:34:50,20191208_143350,baecce909d0a7a7a7a60105b209b656866797a1883f7b3ed590450b7741be1fa,dee70d9d2b1b386261cb93149a10b370f1c1730f7b1ea37f302b4b479d378252,data/raw/bracot/bracot-data/train/train_annotation_coco.json
bracot,20191208_143455,data/raw/bracot/bracot-data/train/20191208_143455.jpg,4032,3024,treino,4,0.2443,2019-12-08T14:34:55,20191208_143350,b8a8498449f3e8782ac91f87a0fb3e22f6da2701ea53e11cb67e9d85ce21483a,add994166aa4ab89b7933ecd3950618bcc3cc0d5c3ebcae45a8c7f445f0a7c22,data/raw/bracot/bracot-data/train/train_annotation_coco.json
bracot,20191208_143505,data/raw/bracot/bracot-data/test/20191208_143505.jpg,4032,3024,teste,5,0.3308,2019-12-08T14:35:05,20191208_143350,133f6459d6ae9d6894aa139d0d66852a82657b86dd8226188a01307e01ea9c3a,d3e6ccaa2fa23cc1b5861a2938c8a057e17d8f55c55185c6de85ce3e8a38cea7,data/raw/bracot/bracot-data/test/test_annotation_coco.json
bracot,20191208_143512,data/raw/bracot/bracot-data/train/20191208_143512.jpg,4032,3024,treino,4,0.4608,2019-12-08T14:35:12,20191208_143350,3d6e9291b3f09d061b9f0e4ee3a2735c5dc47e3d6c0ffec01c2504bdbf4715b4,e7e48751e4b270f4290f781c8c3aae81d42c6c168a06f9a99159f99abfdd16cd,data/raw/bracot/bracot-data/train/train_annotation_coco.json
bracot,20191208_143515,data/raw/bracot/bracot-data/test/20191208_143515.jpg,4032,3024,teste,3,0.3972,2019-12-08T14:35:15,20191208_143350,606487f9ae41c9af0655b4b93c082a041cc7f357564902722af02c542d77f294,f85a3734c6279071c2878dacba58ea0a2eb35222097ffb5a772d4350050b6bff,data/raw/bracot/bracot-data/test/test_annotation_coco.json
bracot,20191208_143520,data/raw/bracot/bracot-data/test/20191208_143520.jpg,4032,3024,teste,7,0.2275,2019-12-08T14:35:20,20191208_143350,f8c88c06beb03af016f45dbe8efea9faf63c6d8dad85b14575a4eee39d17058f,ba61a37b161501d926897982cfe6cc5633382c2c087ce4ed5e4c8ce3eff946ea,data/raw/bracot/bracot-data/test/test_annotation_coco.json
bracot,20191208_143526,data/raw/bracot/bracot-data/test/20191208_143526.jpg,4032,3024,teste,8,0.3771,2019-12-08T14:35:26,20191208_143350,4f8b0b9819cd5868ab4bfe0871cc8e24293c18d90ecd8d3532191d50f2f98443,ec44f1d521b70ed09f4c14678ef82f6a4263e1cc43cb71aaea5e223e6e5ca878,data/raw/bracot/bracot-data/test/test_annotation_coco.json
bracot,20191208_143534,data/raw/bracot/bracot-data/test/20191208_143534.jpg,4032,3024,teste,9,0.4939,2019-12-08T14:35:34,20191208_143350,202609df017416548da4da82e53ace1818e6e95d7b1da242c7c140f81877732e,f0e1cb6e1f1f13e279c21cf5a8b22c1f1eeb78a779c21078f9286d516838c586,data/raw/bracot/bracot-data/test/test_annotation_coco.json
bracot,20191208_143540,data/raw/bracot/bracot-data/train/20191208_143540.jpg,4032,3024,treino,5,0.1966,2019-12-08T14:35:40,20191208_143350,06683e7f699e33091be8f47f06a7c2ac14df4450cc010f0886fc3e07f722e603,ef207d3836492661144437632ba90bba85b48cd8c8fc428cad8d87cff355f27f,data/raw/bracot/bracot-data/train/train_annotation_coco.json
bracot,20191208_143548,data/raw/bracot/bracot-data/train/20191208_143548.jpg,4032,3024,treino,5,0.3530,2019-12-08T14:35:48,20191208_143350,dfbbd3a7a2714c3000dbb7ea40a7fa769670e4738d0a467588bf3b4c57815f42,f97ba64744bf4d395ae088b60ac4d6781192c589d5db5d92113f3f7323e4221e,data/raw/bracot/bracot-data/train/train_annotation_coco.json
bracot,20191208_143600,data/raw/bracot/bracot-data/train/20191208_143600.jpg,4032,3024,treino,6,0.4602,2019-12-08T14:36:00,20191208_143600,4e21bae2ff4555fb59f8a69c0cea761e5ca0bf16f5e0eb8cdbb0714d09ae46c0,d02506a37356b16c4afc494e852bb9b233025b4027e9f5e59cb48b9665cf7c67,data/raw/bracot/bracot-data/train/train_annotation_coco.json
bracot,20191208_143615,data/raw/bracot/bracot-data/train/20191208_143615.jpg,4032,3024,treino,7,0.2259,2019-12-08T14:36:15,20191208_143615,84155d6b02d5b4c4f98c14497b4a59f2ff18986747ac7cff73aa6b53efa22cf2,959dd3b651629b8ff315a50ec72e31a5330e025c46788c6ac47f86fc8dbd5870,data/raw/bracot/bracot-data/train/train_annotation_coco.json
bracot,20191208_143617,data/raw/bracot/bracot-data/train/20191208_143617.jpg,4032,3024,treino,7,0.3634,2019-12-08T14:36:17,20191208_143615,1a45313bc1941c5a5e79af689453702caea304586a6ab04ef8cbad0b16360bfe,9e67859d33c47a034f7e7ae870a376d4234cfb6168093d1a2c173a5968f86a4d,data/raw/bracot/bracot-data/train/train_annotation_coco.json
bracot,20191208_143623,data/raw/bracot/bracot-data/test/20191208_143623.jpg,4032,3024,teste,3,0.3440,2019-12-08T14:36:23,20191208_143615,f4492ffa1104198a8ca5807d5667cce90c6ac905de7eecc3cada46b7ba04b06e,d3df95bc0c04707a32b62bc4276fe582049d2e69efa314bdec89ccc65e9dc051,data/raw/bracot/bracot-data/test/test_annotation_coco.json
bracot,20191208_143628,data/raw/bracot/bracot-data/train/20191208_143628.jpg,4032,3024,treino,7,0.2862,2019-12-08T14:36:28,20191208_143615,25a65274390875cf9167f6d36e9fd481a14b595f948507dd790bdd732ea76fda,f4f3ef31052394e5f0b6a8d20925f2c34b482f75a105db5a5fa875b4d5908fb0,data/raw/bracot/bracot-data/train/train_annotation_coco.json
bracot,20191208_143633,data/raw/bracot/bracot-data/test/20191208_143633.jpg,4032,3024,teste,7,0.3083,2019-12-08T14:36:33,20191208_143615,ef9efeac27449e6f3c52b7d2fa8f920bcf68475ba1e471902c1739ed0675663b,cb36d92e005d21b8db7afb41e06983fb0a8318cca6dcfbee7233a12503881fbb,data/raw/bracot/bracot-data/test/test_annotation_coco.json
bracot,20191208_143640,data/raw/bracot/bracot-data/train/20191208_143640.jpg,4032,3024,treino,7,0.4738,2019-12-08T14:36:40,20191208_143615,d439f437e9d967061e2d37bc6594dc6de2315bcb2602b463b98f4c719aaafa93,c2794028a69aad94cb7294b37ee71072a2809693406dabe27d1c121ebffb77ce,data/raw/bracot/bracot-data/train/train_annotation_coco.json
bracot,20191208_143642,data/raw/bracot/bracot-data/train/20191208_143642.jpg,4032,3024,treino,7,0.4040,2019-12-08T14:36:42,20191208_143615,73c7565d6b8a5509993c8921a28fecbad938ba8ebb32adb48659c839275a5311,99133b0a754ab4f352c3ab685d0dccb034b973eea9589d9c68ffd05342372632,data/raw/bracot/bracot-data/train/train_annotation_coco.json
bracot,20191208_143650,data/raw/bracot/bracot-data/train/20191208_143650.jpg,4032,3024,treino,3,0.3039,2019-12-08T14:36:50,20191208_143615,5977657a13c65fd11f0d9b8a91e5cd89a81c70d4d27fec37686ee47cad2293d8,d367a4c42e967a097a7b7e7928a0e9b32d7b3dfb38e8818100875a75dbc69184,data/raw/bracot/bracot-data/train/train_annotation_coco.json
bracot,20191208_143657,data/raw/bracot/bracot-data/train/20191208_143657.jpg,4032,3024,treino,5,0.3302,2019-12-08T14:36:57,20191208_143615,634dc2be987bc025c9d0589843b2d57e4aff3caa2c24ea4ddfe3f57408304397,841b03f97b8b622e2e93790f8337dcc474d98893d8e7d9939978d9140d33d133,data/raw/bracot/bracot-data/train/train_annotation_coco.json
bracot,20191208_143712,data/raw/bracot/bracot-data/train/20191208_143712.jpg,4032,3024,treino,4,0.3013,2019-12-08T14:37:12,20191208_143712,126bfb6472934a632c69498ae0d35f0c09a8272d1dfc27a1571116da8477af17,9607cd27684b7ce5e5ac0ab7c105d763b63c063c27f607702310c9529fbe7b1a,data/raw/bracot/bracot-data/train/train_annotation_coco.json
bracot,20191208_143715,data/raw/bracot/bracot-data/train/20191208_143715.jpg,4032,3024,treino,5,0.3513,2019-12-08T14:37:15,20191208_143712,99cb19068ede2729ff29a65b936cc5b17e52ca7762944b013a833cfc5e8744d4,89991b102773f6f3784c6c6a0b31ebceb9cbe80515338d96762745297f24558b,data/raw/bracot/bracot-data/train/train_annotation_coco.json
bracot,20191208_143723,data/raw/bracot/bracot-data/train/20191208_143723.jpg,4032,3024,treino,8,0.2650,2019-12-08T14:37:23,20191208_143712,1515581de3b5862cbaa69d5981f0c88f0b67230ec398efe24f0763bf3be255b8,da182f24f0279aff2e988dd23b047d3a2524dc4df2286a4affcba18bbf167022,data/raw/bracot/bracot-data/train/train_annotation_coco.json
bracot,20191208_143728,data/raw/bracot/bracot-data/train/20191208_143728.jpg,4032,3024,treino,6,0.3965,2019-12-08T14:37:28,20191208_143712,cdb3d5e73016474a419d544bf8f8d59854909a7874c7c6381b271922980aad5e,84e485c373915f0c94e5a9c7856706cd0f9a1b198e1dd86cf2773241669dde9d,data/raw/bracot/bracot-data/train/train_annotation_coco.json
bracot,20191208_143741,data/raw/bracot/bracot-data/train/20191208_143741.jpg,4032,3024,treino,3,0.3577,2019-12-08T14:37:41,20191208_143741,47cb5ef54e0d7aa1244d83db4617945637175da672efeada5b71b2e16d6bde0a,955cea7568eeb9d16237fc4db287848ce1957ee9a5967082118b1a3b1b859a17,data/raw/bracot/bracot-data/train/train_annotation_coco.json
bracot,20191208_143746,data/raw/bracot/bracot-data/test/20191208_143746.jpg,4032,3024,teste,6,0.3896,2019-12-08T14:37:46,20191208_143741,2273e19a6aa0f4aa02317757e83cc3a9c547cc6b549a5dede97a816a0142a01d,e87b89b10f42fbf4e7e2f94c3b8d3e0f0e13c213c00d3ccebf8f0733040d812f,data/raw/bracot/bracot-data/test/test_annotation_coco.json
bracot,20191208_143750,data/raw/bracot/bracot-data/test/20191208_143750.jpg,4032,3024,teste,6,0.3523,2019-12-08T14:37:50,20191208_143741,56e90b0d97e22c680f657ca1a0c2e45d72203c11d9fdb639686d4d6ba1fa4915,e5c3f4a8533e057b3c23b4b1be8816a102f500e5f9f724c7e8878d87fec22d91,data/raw/bracot/bracot-data/test/test_annotation_coco.json
bracot,20191208_143755,data/raw/bracot/bracot-data/test/20191208_143755.jpg,4032,3024,teste,7,0.4156,2019-12-08T14:37:55,20191208_143741,631d8fad34c3ef3c8a8abacb97a6d73993db8404184f87ba5268d3c25285bcd2,f4d51b3d0094a14300872ef8ffe99cc5aeda73dd73b17050c403763e33b4233e,data/raw/bracot/bracot-data/test/test_annotation_coco.json
bracot,20191208_143801,data/raw/bracot/bracot-data/test/20191208_143801.jpg,4032,3024,teste,6,0.4556,2019-12-08T14:38:01,20191208_143741,303ae2f445bfc69ab92d462c94b2ca1cbcd9fb3acc52ea25d31fc8f90c4ad27d,e074c6461e063cf5f8d5f10131bd31f370c71baf25e489221ba7b9d68547959c,data/raw/bracot/bracot-data/test/test_annotation_coco.json
bracot,20191208_143804,data/raw/bracot/bracot-data/test/20191208_143804.jpg,4032,3024,teste,6,0.3604,2019-12-08T14:38:04,20191208_143741,a7f6fc0ff4450e8e76f2dea23f50f3719fe924a356299b15577c007c558ea0bc,cf3fbb7509354576fd5477a2b097fafdbdb8659000d052cd62a202c29ac68945,data/raw/bracot/bracot-data/test/test_annotation_coco.json
bracot,20191208_143810,data/raw/bracot/bracot-data/train/20191208_143810.jpg,4032,3024,treino,3,0.3864,2019-12-08T14:38:10,20191208_143741,7e8db14088b27ff7a991d3949b8be3b8534a0d8f9648ef0493655e28b9a23ca5,b556a51dce9d182c803e803748fe917a187f78f51dfc975cce3c40e850d2d38e,data/raw/bracot/bracot-data/train/train_annotation_coco.json
bracot,20191208_143813,data/raw/bracot/bracot-data/train/20191208_143813.jpg,4032,3024,treino,3,0.3043,2019-12-08T14:38:13,20191208_143741,986c185cc371439b7523f0d5ba369527e9c965f8782571df7eacad21b2300903,ef9ab40bd48a7671b4522d59d4083df4eea32e82a3450f45536e17fe2b0517d2,data/raw/bracot/bracot-data/train/train_annotation_coco.json
bracot,20191208_143822,data/raw/bracot/bracot-data/train/20191208_143822.jpg,4032,3024,treino,7,0.3593,2019-12-08T14:38:22,20191208_143741,43f8db9681a4f58d58c6cfa7ef082c2dbb2c100d6d9fa2b0ed1aedb2511e0ab3,ba9abb328c84b112c6eaa4fea6ad0df1b457146bd4a31c631a6d5e71ac592a69,data/raw/bracot/bracot-data/train/train_annotation_coco.json
bracot,20191208_143832,data/raw/bracot/bracot-data/train/20191208_143832.jpg,4032,3024,treino,6,0.2557,2019-12-08T14:38:32,20191208_143741,b9acf8fbb80164a7e65081bba83e4d635a103ae54d97632d374add613de7de1b,871aee58d08446abad1f3075be426a7e2d5955f29beb1532112cd1bf9c556113,data/raw/bracot/bracot-data/train/train_annotation_coco.json
bracot,20191208_143837,data/raw/bracot/bracot-data/train/20191208_143837.jpg,4032,3024,treino,4,0.5954,2019-12-08T14:38:37,20191208_143741,7dc1008d6936903d381e2fe823bd7e670a94e77283c1778fd78444f61754bc98,c183b4a84eb9da74e4509463962be1b033541390928ad393fe5fb3e93d8f33f8,data/raw/bracot/bracot-data/train/train_annotation_coco.json
bracot,20191208_143844,data/raw/bracot/bracot-data/train/20191208_143844.jpg,4032,3024,treino,6,0.3626,2019-12-08T14:38:44,20191208_143741,46bf6297cbcf15a3c32e37ff7c5fe8a46a1e8812eb46c5e808e213ad778e9dc6,c6c45a2e799834d654cff7b8ba10dc28c8b102a4369db60f1ccf1f4d7f4e2c54,data/raw/bracot/bracot-data/train/train_annotation_coco.json
bracot,20191208_143850,data/raw/bracot/bracot-data/train/20191208_143850.jpg,4032,3024,treino,3,0.2524,2019-12-08T14:38:50,20191208_143741,bb28a7dd54f1c7d195d588eb9dd0b7f04073037073386b0d11887d067b50afcd,96de9470793b23c72ac40b37637c4bf6611d631cafb22f2d0eb9edc0228309ae,data/raw/bracot/bracot-data/train/train_annotation_coco.json
bracot,20191208_143900,data/raw/bracot/bracot-data/train/20191208_143900.jpg,4032,3024,treino,5,0.3272,2019-12-08T14:39:00,20191208_143741,029a860dd1a2f27a874fadca11a8d0c8b0b8d58741c1dfb21a9c90cebdbdf43f,c719f22748b6214e947db4c927607bb4272f3dd7af0409e0d3df7288a5c059dc,data/raw/bracot/bracot-data/train/train_annotation_coco.json
bracot,20191208_143904,data/raw/bracot/bracot-data/train/20191208_143904.jpg,4032,3024,treino,5,0.3020,2019-12-08T14:39:04,20191208_143741,6da99a3eaa0c1348e0a29a06098bfcec21b6191f6a91bbe7eb4bebd786a4425a,f42ecff8c8d66b08c609783ff2c4f784c7d2a2c0421f543ca071a6c615e566f7,data/raw/bracot/bracot-data/train/train_annotation_coco.json
bracot,20191208_143909,data/raw/bracot/bracot-data/train/20191208_143909.jpg,4032,3024,treino,6,0.3800,2019-12-08T14:39:09,20191208_143741,496a45a54097b5ccd57271d5e41fff5d7d1c038083128f1ff7d79a26eaec5baa,c1c7ce476e09169e8d9f6befda19700a805e217e0b787bd09684345bf3fa0878,data/raw/bracot/bracot-data/train/train_annotation_coco.json
bracot,20191208_143912,data/raw/bracot/bracot-data/train/20191208_143912.jpg,4032,3024,treino,3,0.4022,2019-12-08T14:39:12,20191208_143741,a1af83366901339078bcafe57a727280999a7a226234aa95f8bb9d820185bb8f,ced01d91393f412f3c6271ee671328bee9d13e97a167328651155a9cd1140bfd,data/raw/bracot/bracot-data/train/train_annotation_coco.json
bracot,20191208_143916,data/raw/bracot/bracot-data/train/20191208_143916.jpg,4032,3024,treino,4,0.3721,2019-12-08T14:39:16,20191208_143741,fd14084eaa475e081b8fe0b4ca6852c44ae4bc4c9767f5afdecaeda66709523c,994af50865343c0b748ae1fd22fb49b0e3e479910706140f6a1d1cef297dfcfc,data/raw/bracot/bracot-data/train/train_annotation_coco.json
bracot,20191208_143922,data/raw/bracot/bracot-data/train/20191208_143922.jpg,4032,3024,treino,8,0.3581,2019-12-08T14:39:22,20191208_143741,2d22ee3c1a1a44c18fbe5e3216d3b96d6b59bd79ffec0080d96ea2f79c003f18,e50d92cc524a69187b056967a64d644bec8be98e4dacf6ac9a0c9edbb49e44bc,data/raw/bracot/bracot-data/train/train_annotation_coco.json
